season,section,division,mean_beneficial_fraction,mean_crop_water_deficit,mean_relative_water_deficit,mean_total_seasonal_biomass_production,mean_seasonal_yield,mean_crop_water_productivity,median_beneficial_fraction,median_crop_water_deficit,median_relative_water_deficit,median_total_seasonal_biomass_production,median_seasonal_yield,median_crop_water_productivity,min_beneficial_fraction,min_crop_water_deficit,min_relative_water_deficit,min_total_seasonal_biomass_production,min_seasonal_yield,min_crop_water_productivity,max_beneficial_fraction,max_crop_water_deficit,max_relative_water_deficit,max_total_seasonal_biomass_production,max_seasonal_yield,max_crop_water_productivity,std_beneficial_fraction,std_crop_water_deficit,std_relative_water_deficit,std_total_seasonal_biomass_production,std_seasonal_yield,std_crop_water_productivity,q25_beneficial_fraction,q25_crop_water_deficit,q25_relative_water_deficit,q25_total_seasonal_biomass_production,q25_seasonal_yield,q25_crop_water_productivity,q25_quantile,q75_beneficial_fraction,q75_crop_water_deficit,q75_relative_water_deficit,q75_total_seasonal_biomass_production,q75_seasonal_yield,q75_crop_water_productivity,q75_quantile
2020-2021,57,Wad Elnaw,0.78,0.44,0.56,6.43,1.63,0.16,0.79,0.45,0.55,6.5,1.64,0.17,0.14,0.08,0.33,0.58,0.15,0.08,0.86,0.67,0.92,10.57,2.67,0.19,0.06,0.09,0.09,1.48,0.37,0.01,0.76,0.38,0.49,5.5,1.39,0.16,0.25,0.82,0.51,0.62,7.5,1.89,0.17,0.75
2020-2021,88,Elbasatna,0.78,0.45,0.55,6.69,1.69,0.17,0.79,0.45,0.55,6.73,1.7,0.17,0.09,0.07,0.28,0.41,0.1,0.05,0.87,0.72,0.93,11.18,2.83,0.19,0.06,0.09,0.09,1.51,0.38,0.01,0.76,0.39,0.5,5.83,1.47,0.17,0.25,0.81,0.5,0.61,7.63,1.93,0.17,0.75
2020-2021,Abdah_Fadul,Tabat,0.77,0.38,0.62,6.06,1.53,0.17,0.79,0.39,0.61,6.35,1.61,0.18,0.2,0.08,0.45,0.68,0.17,0.1,0.85,0.55,0.92,8.97,2.27,0.21,0.06,0.08,0.08,1.53,0.39,0.02,0.75,0.32,0.55,5.21,1.32,0.17,0.25,0.81,0.45,0.68,7.22,1.83,0.18,0.75
2020-2021,Abu_Gin,Kab_Elgidad,0.76,0.33,0.67,5.66,1.43,0.18,0.78,0.34,0.66,5.8,1.47,0.19,0,0.04,0.34,0.01,0,0,0.86,0.66,0.96,11.53,2.91,0.25,0.11,0.09,0.09,2.01,0.51,0.03,0.75,0.28,0.61,4.41,1.12,0.16,0.25,0.81,0.39,0.72,6.96,1.76,0.2,0.75
2020-2021,Abu_Hawa,Elhafair,0.74,0.33,0.67,5.36,1.36,0.17,0.75,0.33,0.67,5.34,1.35,0.18,0.52,0.13,0.47,1.56,0.39,0.11,0.83,0.53,0.87,9.13,2.31,0.2,0.05,0.08,0.08,1.47,0.37,0.01,0.72,0.29,0.62,4.45,1.13,0.17,0.25,0.77,0.38,0.71,6.39,1.61,0.18,0.75
2020-2021,Abu_Quta,Abd_ElMagid,0.77,0.31,0.69,5.3,1.34,0.18,0.79,0.31,0.69,5.56,1.41,0.19,0.34,0.05,0.45,0.55,0.14,0.1,0.88,0.55,0.95,9.72,2.46,0.23,0.08,0.09,0.09,1.95,0.49,0.02,0.75,0.25,0.62,4,1.01,0.17,0.25,0.82,0.38,0.75,6.82,1.72,0.2,0.75
2020-2021,Abu_Usher,Al_Gourashi,0.78,0.39,0.61,6.41,1.62,0.18,0.79,0.39,0.61,6.61,1.67,0.18,0,0.05,0.34,0.14,0.03,0.03,0.87,0.66,0.95,11.2,2.83,0.23,0.06,0.09,0.09,1.73,0.44,0.02,0.76,0.33,0.55,5.33,1.35,0.17,0.25,0.82,0.45,0.67,7.57,1.91,0.19,0.75
2020-2021,Affan,Matouri,0.77,0.36,0.64,5.61,1.42,0.17,0.78,0.36,0.64,5.79,1.46,0.17,0.29,0.11,0.42,0.91,0.23,0.09,0.86,0.58,0.89,9.33,2.36,0.21,0.06,0.08,0.08,1.49,0.38,0.02,0.75,0.31,0.58,4.77,1.21,0.16,0.25,0.8,0.42,0.69,6.57,1.66,0.18,0.75
2020-2021,Al_Awamrah,Abd_ElMagid,0.79,0.36,0.64,6.41,1.62,0.19,0.8,0.36,0.64,6.63,1.68,0.19,0.33,0.07,0.44,0.73,0.18,0.11,0.87,0.56,0.93,10.26,2.59,0.26,0.05,0.08,0.08,1.73,0.44,0.02,0.77,0.3,0.58,5.29,1.34,0.18,0.25,0.82,0.42,0.7,7.68,1.94,0.2,0.75
2020-2021,Al_Saadana,Turabi,0.78,0.38,0.62,6.37,1.61,0.18,0.79,0.38,0.62,6.61,1.67,0.19,0,0.05,0.4,0.26,0.07,0.04,0.86,0.6,0.95,10.38,2.63,0.24,0.06,0.08,0.08,1.59,0.4,0.02,0.76,0.33,0.57,5.51,1.39,0.18,0.25,0.81,0.43,0.67,7.45,1.88,0.19,0.75
2020-2021,Umm_Juha,Turabi,0.78,0.34,0.66,5.96,1.51,0.18,0.79,0.33,0.67,5.86,1.48,0.18,0.31,0.06,0.36,0.62,0.16,0.1,0.87,0.64,0.94,11.7,2.96,0.26,0.06,0.1,0.1,2.03,0.51,0.02,0.75,0.28,0.59,4.52,1.14,0.17,0.25,0.81,0.41,0.72,7.48,1.89,0.2,0.75
2020-2021,Turabi_Al_Riyasa,Turabi,0.78,0.35,0.65,5.96,1.51,0.18,0.79,0.36,0.64,6.12,1.55,0.18,0,0.05,0.34,0.01,0,0,0.87,0.66,0.95,11.14,2.82,0.25,0.07,0.08,0.08,1.64,0.42,0.02,0.77,0.3,0.59,4.87,1.23,0.17,0.25,0.81,0.41,0.7,7.12,1.8,0.19,0.75
2020-2021,Wad_Bala,Turabi,0.78,0.36,0.64,6.15,1.56,0.18,0.79,0.37,0.63,6.28,1.59,0.19,0.16,0.06,0.45,0.21,0.05,0.04,0.86,0.55,0.94,10.05,2.54,0.26,0.05,0.08,0.08,1.52,0.38,0.02,0.76,0.31,0.58,5.18,1.31,0.17,0.25,0.81,0.42,0.69,7.25,1.83,0.19,0.75
2020-2021,Fargin,Kab_Elgidad,0.78,0.36,0.64,6.19,1.56,0.18,0.79,0.35,0.65,6.27,1.59,0.19,0.57,0.1,0.33,1.56,0.39,0.11,0.84,0.67,0.9,12.14,3.07,0.24,0.04,0.09,0.09,1.99,0.5,0.02,0.76,0.29,0.58,4.7,1.19,0.17,0.25,0.81,0.42,0.71,7.57,1.91,0.2,0.75
2020-2021,Abd_ElMagid_Al_Riyasa,Abd_ElMagid,0.78,0.39,0.61,6.57,1.66,0.18,0.79,0.39,0.61,6.65,1.68,0.18,0.46,0.1,0.37,1.02,0.26,0.11,0.85,0.63,0.9,10.57,2.67,0.23,0.05,0.1,0.1,1.72,0.44,0.02,0.76,0.32,0.54,5.64,1.43,0.18,0.25,0.8,0.46,0.68,7.68,1.94,0.19,0.75
2020-2021,Fawar,Tabat,0.74,0.32,0.68,5.24,1.33,0.17,0.76,0.31,0.69,5.33,1.35,0.18,0,0.05,0.52,0.24,0.06,0.06,0.82,0.48,0.95,9.23,2.33,0.22,0.1,0.08,0.08,1.75,0.44,0.03,0.73,0.27,0.63,4.04,1.02,0.16,0.25,0.78,0.37,0.73,6.46,1.63,0.19,0.75
2020-2021,Abd_Elmagid,Surhan,0.75,0.29,0.71,4.78,1.21,0.17,0.75,0.29,0.71,4.92,1.24,0.17,0.65,0.17,0.57,2.67,0.67,0.13,0.82,0.43,0.83,7.17,1.81,0.22,0.04,0.07,0.07,1.37,0.35,0.02,0.73,0.25,0.66,3.64,0.92,0.16,0.25,0.79,0.34,0.75,5.77,1.46,0.19,0.75
2020-2021,Surhan_Al_Riyasa,Surhan,0.76,0.34,0.66,5.57,1.41,0.17,0.77,0.33,0.67,5.64,1.43,0.18,0.04,0.05,0.4,0.26,0.07,0.06,0.84,0.6,0.95,10.22,2.58,0.23,0.07,0.09,0.09,1.79,0.45,0.02,0.74,0.28,0.6,4.28,1.08,0.16,0.25,0.79,0.4,0.72,6.72,1.7,0.19,0.75
2020-2021,Istarhna,Al_Gourashi,0.76,0.36,0.64,5.78,1.46,0.17,0.77,0.36,0.64,5.97,1.51,0.18,0.23,0.08,0.4,0.57,0.14,0.08,0.85,0.6,0.92,9.62,2.43,0.21,0.06,0.09,0.09,1.59,0.4,0.02,0.74,0.3,0.57,4.71,1.19,0.17,0.25,0.8,0.43,0.7,7.03,1.78,0.18,0.75
2020-2021,Al_Gourashi_Al_Riyasa,Al_Gourashi,0.76,0.36,0.64,5.65,1.43,0.17,0.77,0.36,0.64,5.83,1.47,0.18,0.11,0.06,0.3,0,0,0,0.86,0.7,0.94,8.96,2.26,0.22,0.08,0.08,0.08,1.58,0.4,0.02,0.74,0.31,0.59,4.64,1.17,0.16,0.25,0.8,0.41,0.69,6.72,1.7,0.18,0.75
2020-2021,El_Rukun,Tabat,0.75,0.35,0.65,5.53,1.4,0.17,0.76,0.35,0.65,5.62,1.42,0.18,0.25,0.08,0.48,0.65,0.17,0.09,0.84,0.52,0.92,9.01,2.28,0.2,0.06,0.08,0.08,1.43,0.36,0.02,0.73,0.3,0.6,4.67,1.18,0.17,0.25,0.79,0.4,0.7,6.59,1.66,0.18,0.75
2020-2021,Wad_El_Saiyid,Elmessellamia,0.75,0.36,0.64,5.64,1.42,0.17,0.76,0.37,0.63,5.82,1.47,0.18,0.03,0.06,0.39,0.12,0.03,0.02,0.86,0.61,0.94,10.14,2.56,0.2,0.07,0.07,0.07,1.38,0.35,0.02,0.74,0.32,0.59,4.89,1.24,0.17,0.25,0.79,0.41,0.68,6.58,1.66,0.18,0.75
2020-2021,Al_Firijab,Surhan,0.75,0.35,0.65,5.52,1.39,0.17,0.77,0.34,0.66,5.59,1.41,0.18,0.18,0.07,0.49,0.53,0.13,0.09,0.83,0.51,0.93,8.24,2.08,0.21,0.08,0.07,0.07,1.39,0.35,0.02,0.74,0.3,0.61,4.8,1.21,0.16,0.25,0.8,0.39,0.7,6.41,1.62,0.19,0.75
2020-2021,Tannub,Tabat,0.77,0.4,0.6,6.29,1.59,0.17,0.78,0.39,0.61,6.3,1.59,0.18,0.15,0.06,0.36,0.53,0.13,0.09,0.84,0.64,0.94,10.26,2.59,0.2,0.06,0.09,0.09,1.66,0.42,0.01,0.75,0.35,0.55,5.37,1.36,0.17,0.25,0.8,0.45,0.65,7.12,1.8,0.18,0.75
2020-2021,Tabat_Al_Riyasa,Tabat,0.77,0.39,0.61,6.14,1.55,0.17,0.78,0.39,0.61,6.32,1.6,0.18,0.08,0.07,0.29,0.43,0.11,0.07,0.85,0.71,0.93,11.82,2.99,0.21,0.06,0.08,0.08,1.44,0.36,0.01,0.75,0.34,0.56,5.36,1.36,0.17,0.25,0.8,0.44,0.66,7.08,1.79,0.18,0.75
2020-2021,Saad_Allah,Elmessellamia,0.75,0.39,0.61,5.95,1.5,0.17,0.76,0.39,0.61,6,1.52,0.17,0.17,0.08,0.37,0.76,0.19,0.09,0.84,0.63,0.92,10.62,2.68,0.2,0.06,0.08,0.08,1.53,0.39,0.01,0.74,0.34,0.57,5.12,1.29,0.16,0.25,0.79,0.43,0.66,6.77,1.71,0.18,0.75
2020-2021,Wad_ElBurr,Wad_ElBurr,0.78,0.42,0.58,6.57,1.66,0.17,0.79,0.43,0.57,6.78,1.71,0.18,0.32,0.1,0.35,0.91,0.23,0.1,0.85,0.65,0.9,10.42,2.63,0.22,0.04,0.07,0.07,1.25,0.32,0.01,0.77,0.38,0.54,5.96,1.51,0.17,0.25,0.81,0.46,0.62,7.38,1.87,0.18,0.75
2020-2021,Wad_Hilal,Wad_ElBurr,0.77,0.36,0.64,5.5,1.39,0.17,0.78,0.36,0.64,5.58,1.41,0.17,0.03,0.05,0.45,0.26,0.06,0.05,0.84,0.55,0.95,8.72,2.2,0.2,0.07,0.08,0.08,1.34,0.34,0.02,0.75,0.31,0.58,4.57,1.16,0.16,0.25,0.8,0.42,0.69,6.34,1.6,0.17,0.75
2020-2021,Elmessellamia_Al_Riyasa,Elmessellamia,0.76,0.4,0.6,6.13,1.55,0.17,0.77,0.4,0.6,6.3,1.59,0.17,0.43,0.12,0.48,1.38,0.35,0.13,0.83,0.52,0.88,8.43,2.13,0.2,0.04,0.06,0.06,1.1,0.28,0.01,0.75,0.36,0.56,5.52,1.39,0.17,0.25,0.79,0.44,0.64,6.87,1.74,0.18,0.75
2020-2021,Beika,Elmessellamia,0.76,0.4,0.6,6.25,1.58,0.17,0.77,0.41,0.59,6.39,1.62,0.18,0,0.06,0.36,0.19,0.05,0.03,0.85,0.64,0.94,10.19,2.58,0.19,0.07,0.08,0.08,1.49,0.38,0.01,0.75,0.36,0.55,5.48,1.38,0.17,0.25,0.8,0.45,0.64,7.18,1.81,0.18,0.75
2020-2021,Bortobeil,Elbasatna,0.77,0.41,0.59,6.14,1.55,0.17,0.78,0.41,0.59,6.32,1.6,0.17,0.06,0.06,0.35,0.36,0.09,0.06,0.85,0.65,0.94,9.99,2.53,0.19,0.07,0.08,0.08,1.37,0.35,0.01,0.76,0.36,0.55,5.49,1.39,0.17,0.25,0.8,0.45,0.64,6.97,1.76,0.18,0.75
2020-2021,Barakat_Al_Riyasa,Elbasatna,0.79,0.45,0.55,6.76,1.71,0.17,0.79,0.45,0.55,6.82,1.73,0.17,0.1,0.07,0.32,0.47,0.12,0.08,0.86,0.68,0.93,11.65,2.94,0.2,0.05,0.09,0.09,1.55,0.39,0.01,0.77,0.39,0.5,5.84,1.48,0.17,0.25,0.81,0.5,0.61,7.72,1.95,0.18,0.75
2020-2021,Wad_Figda,Hag Abdalla and North West Sennar,0.78,0.44,0.56,6.36,1.61,0.16,0.79,0.45,0.55,6.43,1.63,0.16,0.16,0.08,0.33,0.55,0.14,0.07,0.86,0.67,0.92,10.48,2.65,0.19,0.05,0.09,0.09,1.52,0.38,0.01,0.76,0.38,0.49,5.39,1.36,0.16,0.25,0.82,0.51,0.62,7.47,1.89,0.17,0.75
2020-2021,Al_Toman,Wad Elnaw,0.77,0.4,0.6,5.75,1.45,0.16,0.78,0.4,0.6,5.8,1.46,0.16,0,0.06,0.38,0.27,0.07,0.05,0.86,0.62,0.94,9.38,2.37,0.19,0.07,0.09,0.09,1.51,0.38,0.01,0.74,0.34,0.53,4.81,1.22,0.16,0.25,0.81,0.47,0.66,6.79,1.72,0.17,0.75
2020-2021,Hag_Abdalla,Hag Abdalla and North West Sennar,0.79,0.45,0.55,6.51,1.65,0.16,0.81,0.46,0.54,6.69,1.69,0.16,0,0.06,0.37,0.09,0.02,0.02,0.86,0.63,0.94,9.81,2.48,0.19,0.05,0.09,0.09,1.53,0.39,0.01,0.77,0.39,0.47,5.51,1.39,0.16,0.25,0.83,0.53,0.61,7.69,1.94,0.17,0.75
2020-2021,Wad_Elnaw_Al_Riyasa,Wad Elnaw,0.79,0.44,0.56,6.34,1.6,0.16,0.8,0.44,0.56,6.44,1.63,0.17,0.07,0.05,0.27,0.23,0.06,0.06,0.88,0.73,0.95,11.57,2.92,0.19,0.06,0.1,0.1,1.59,0.4,0.01,0.77,0.38,0.49,5.42,1.37,0.16,0.25,0.83,0.51,0.62,7.45,1.88,0.17,0.75
2020-2021,Hadad,Hag Abdalla and North West Sennar,0.77,0.46,0.54,7.02,1.77,0.17,0.78,0.47,0.53,7.1,1.8,0.17,0.37,0.12,0.35,1.21,0.31,0.11,0.84,0.65,0.88,10.94,2.77,0.19,0.04,0.07,0.07,1.31,0.33,0.01,0.75,0.42,0.49,6.22,1.57,0.17,0.25,0.8,0.51,0.58,7.88,1.99,0.18,0.75
2020-2021,Gundal,Hag Abdalla and North West Sennar,0.78,0.45,0.55,6.62,1.67,0.17,0.79,0.46,0.54,6.77,1.71,0.17,0.4,0.15,0.35,1.61,0.41,0.08,0.85,0.65,0.85,9.47,2.39,0.18,0.04,0.08,0.08,1.27,0.32,0.01,0.76,0.41,0.5,5.99,1.51,0.17,0.25,0.8,0.5,0.59,7.48,1.89,0.17,0.75
2020-2021,Fahal,El_Mukhtar,0.74,0.41,0.59,6.02,1.52,0.17,0.75,0.4,0.6,6.05,1.53,0.17,0.25,0.09,0.37,0.72,0.18,0.09,0.84,0.63,0.91,9.83,2.48,0.2,0.07,0.1,0.1,1.72,0.43,0.01,0.72,0.34,0.52,4.85,1.23,0.16,0.25,0.78,0.48,0.66,7.31,1.85,0.17,0.75
2020-2021,Hamadna_Allah,El_Mukhtar,0.76,0.38,0.62,5.74,1.45,0.17,0.77,0.39,0.61,5.9,1.49,0.17,0.14,0.09,0.41,0.56,0.14,0.05,0.84,0.59,0.91,9.5,2.4,0.2,0.08,0.09,0.09,1.65,0.42,0.02,0.74,0.32,0.55,4.65,1.17,0.16,0.25,0.8,0.45,0.68,6.95,1.76,0.18,0.75
2020-2021,Um_Degina,El_Mukhtar,0.75,0.38,0.62,5.77,1.46,0.17,0.76,0.37,0.63,5.7,1.44,0.17,0.13,0.08,0.4,0.37,0.09,0.05,0.85,0.6,0.92,9.72,2.46,0.21,0.06,0.09,0.09,1.54,0.39,0.01,0.72,0.32,0.56,4.79,1.21,0.16,0.25,0.79,0.44,0.68,6.85,1.73,0.18,0.75
2020-2021,Shaliee_Al_Riyasa,Shaliee,0.77,0.41,0.59,6.32,1.6,0.17,0.78,0.41,0.59,6.54,1.65,0.17,0.09,0.07,0.37,0.5,0.13,0.07,0.85,0.63,0.93,9.85,2.49,0.21,0.06,0.08,0.08,1.45,0.37,0.01,0.76,0.36,0.54,5.55,1.4,0.17,0.25,0.8,0.46,0.64,7.34,1.85,0.18,0.75
2020-2021,Wad_Elzain,Shaliee,0.77,0.38,0.62,6.04,1.53,0.17,0.78,0.38,0.62,6.18,1.56,0.18,0,0.06,0.4,0.24,0.06,0.05,0.84,0.6,0.94,9.92,2.51,0.22,0.08,0.09,0.09,1.73,0.44,0.02,0.76,0.33,0.55,4.94,1.25,0.16,0.25,0.81,0.45,0.67,7.26,1.84,0.18,0.75
2020-2021,Shandi,Shaliee,0.77,0.33,0.67,5.41,1.37,0.17,0.78,0.33,0.67,5.53,1.4,0.17,0.65,0.18,0.56,1.93,0.49,0.11,0.83,0.44,0.82,8.01,2.02,0.23,0.04,0.06,0.06,1.37,0.35,0.02,0.75,0.29,0.63,4.81,1.22,0.17,0.25,0.8,0.37,0.71,6.33,1.6,0.19,0.75
2020-2021,Elhurga_Nuraldin,Elhurga/Nuraldin,,,,,,,,,,,,,,,,,,,,,,,,,,,,,,,,,,,,,0.25,,,,,,,0.75
2020-2021,El_Sharqi_Al_Riyasa,Al Genied,0.64,0.08,0.92,0.96,0.24,0.13,0.64,0.08,0.92,0.96,0.24,0.13,0.64,0.08,0.92,0.96,0.24,0.13,0.64,0.08,0.92,0.96,0.24,0.13,0,0,0,0,0,0,0.64,0.08,0.92,0.96,0.24,0.13,0.25,0.64,0.08,0.92,0.96,0.24,0.13,0.75
2020-2021,El_Ariga,EL_Mansi,0.77,0.38,0.62,5.99,1.51,0.17,0.79,0.39,0.61,6.15,1.55,0.17,0.33,0.09,0.47,0.87,0.22,0.09,0.84,0.53,0.91,9.43,2.38,0.21,0.06,0.08,0.08,1.62,0.41,0.02,0.76,0.32,0.56,4.89,1.24,0.16,0.25,0.81,0.44,0.68,7.2,1.82,0.18,0.75
2020-2021,Shakir,EL_Mansi,0.76,0.34,0.66,5.35,1.35,0.17,0.77,0.33,0.67,5.32,1.35,0.18,0.48,0.11,0.39,1.12,0.28,0.11,0.83,0.61,0.89,10.12,2.56,0.21,0.06,0.09,0.09,1.73,0.44,0.02,0.73,0.28,0.62,4.12,1.04,0.16,0.25,0.79,0.38,0.72,6.49,1.64,0.18,0.75
2020-2021,EL_Nala,El_Tahameed,0.77,0.34,0.66,6.04,1.53,0.18,0.78,0.35,0.65,6.31,1.6,0.19,0.13,0.06,0.5,0.26,0.07,0.05,0.84,0.5,0.94,9.28,2.35,0.23,0.06,0.08,0.08,1.73,0.44,0.02,0.75,0.3,0.6,4.95,1.25,0.18,0.25,0.8,0.4,0.7,7.29,1.84,0.2,0.75
2020-2021,EL_Mansi_Al_Riyasa,EL_Mansi,0.77,0.37,0.63,5.87,1.48,0.17,0.78,0.37,0.63,6.03,1.52,0.17,0,0.05,0.42,0.3,0.08,0.07,0.85,0.58,0.95,9.7,2.45,0.23,0.08,0.08,0.08,1.59,0.4,0.02,0.75,0.32,0.57,4.99,1.26,0.16,0.25,0.81,0.43,0.68,7,1.77,0.18,0.75
2020-2021,El_Tahameed_Al_Riyasa,El_Tahameed,0.77,0.37,0.63,6.13,1.55,0.17,0.78,0.36,0.64,6.1,1.54,0.18,0.36,0.11,0.33,1.25,0.32,0.1,0.83,0.67,0.89,11.74,2.97,0.22,0.05,0.1,0.1,1.89,0.48,0.02,0.76,0.31,0.58,4.95,1.25,0.17,0.25,0.8,0.42,0.69,7.26,1.83,0.18,0.75
2020-2021,Tku,El_Tahameed,0.76,0.35,0.65,5.39,1.36,0.17,0.76,0.33,0.67,5.25,1.33,0.17,0.09,0.07,0.36,0.44,0.11,0.07,0.82,0.64,0.93,9.93,2.51,0.22,0.06,0.1,0.1,1.57,0.4,0.02,0.74,0.28,0.6,4.34,1.1,0.16,0.25,0.78,0.4,0.72,6.27,1.59,0.18,0.75
2020-2021,Al_Tarfa,Elfakhakhir,0.75,0.34,0.66,5.28,1.34,0.17,0.76,0.34,0.66,5.32,1.35,0.17,0.24,0.05,0.45,0.55,0.14,0.09,0.83,0.55,0.95,9.3,2.35,0.21,0.06,0.08,0.08,1.42,0.36,0.02,0.73,0.29,0.61,4.39,1.11,0.16,0.25,0.79,0.39,0.71,6.25,1.58,0.18,0.75
2020-2021,Al_Taayif,Elfakhakhir,0.77,0.36,0.64,5.47,1.38,0.17,0.77,0.36,0.64,5.52,1.39,0.17,0.12,0.05,0.31,0.39,0.1,0.08,0.84,0.69,0.95,11.15,2.82,0.22,0.05,0.09,0.09,1.47,0.37,0.02,0.75,0.3,0.59,4.45,1.13,0.16,0.25,0.8,0.41,0.7,6.47,1.64,0.18,0.75
2020-2021,Al_Krimit,Elfakhakhir,0.77,0.38,0.62,6.02,1.52,0.17,0.78,0.39,0.61,6.16,1.56,0.17,0,0.06,0.43,0,0,0,0.85,0.57,0.94,9.34,2.36,0.22,0.07,0.07,0.07,1.39,0.35,0.02,0.76,0.34,0.57,5.25,1.33,0.16,0.25,0.81,0.43,0.66,7,1.77,0.18,0.75
2020-2021,Hegeliga,Elhafair,0.75,0.39,0.61,5.55,1.4,0.16,0.77,0.37,0.63,5.46,1.38,0.17,0.46,0.12,0.36,1.2,0.3,0.07,0.83,0.64,0.88,10.3,2.6,0.2,0.06,0.12,0.12,1.73,0.44,0.03,0.74,0.32,0.53,4.55,1.15,0.15,0.25,0.79,0.47,0.68,6.51,1.65,0.18,0.75
2020-2021,Elfakhakhir_Al_Riyasa,Elfakhakhir,0.77,0.36,0.64,5.59,1.41,0.17,0.78,0.36,0.64,5.62,1.42,0.17,0.24,0.09,0.39,0.86,0.22,0.1,0.84,0.61,0.91,10.1,2.55,0.22,0.06,0.08,0.08,1.52,0.38,0.02,0.75,0.31,0.6,4.71,1.19,0.16,0.25,0.8,0.4,0.69,6.48,1.64,0.18,0.75
2020-2021,Matouri_Al_Riyasa,Matouri,0.74,0.33,0.67,4.99,1.26,0.16,0.79,0.35,0.65,5.37,1.36,0.17,0,0.05,0.48,0.23,0.06,0.05,0.85,0.52,0.95,8.01,2.03,0.19,0.14,0.11,0.11,1.92,0.48,0.02,0.74,0.27,0.6,3.97,1,0.15,0.25,0.81,0.4,0.73,6.46,1.63,0.17,0.75
2020-2021,El_Zafir,Elhafair,0.73,0.37,0.63,5.63,1.42,0.16,0.76,0.36,0.64,5.67,1.43,0.17,0.02,0.05,0.31,0.32,0.08,0.05,0.83,0.69,0.95,11,2.78,0.22,0.1,0.12,0.12,1.96,0.49,0.03,0.72,0.29,0.57,4.44,1.12,0.15,0.25,0.78,0.43,0.71,6.84,1.73,0.18,0.75
2020-2021,Elhafair_Al_Riyasa,Elhafair,0.73,0.28,0.72,4.74,1.2,0.18,0.75,0.28,0.72,4.44,1.12,0.18,0.54,0.11,0.46,1.45,0.37,0.14,0.86,0.54,0.89,9.6,2.43,0.21,0.08,0.1,0.1,1.9,0.48,0.02,0.69,0.21,0.65,3.54,0.89,0.16,0.25,0.79,0.35,0.79,6.1,1.54,0.19,0.75
2020-2021,Um_Suneita,Matouri,0.71,0.39,0.61,6.31,1.59,0.16,0.76,0.38,0.62,6.15,1.55,0.17,0,0.05,0.26,0.05,0.01,0.01,0.85,0.74,0.95,13.45,3.4,0.2,0.17,0.17,0.17,3.16,0.8,0.04,0.71,0.29,0.49,4.55,1.15,0.17,0.25,0.8,0.51,0.71,8.1,2.05,0.18,0.75
2020-2021,Disheinat,Matouri,0.76,0.37,0.63,5.31,1.34,0.16,0.78,0.35,0.65,5.27,1.33,0.16,0.38,0.1,0.35,0.83,0.21,0.09,0.84,0.65,0.9,10.44,2.64,0.22,0.06,0.11,0.11,1.83,0.46,0.02,0.74,0.3,0.57,4.08,1.03,0.15,0.25,0.81,0.43,0.7,6.44,1.63,0.17,0.75
2020-2021,Um_Gargor,Elshawal,0.78,0.42,0.58,6.44,1.63,0.17,0.78,0.42,0.58,6.48,1.64,0.17,0.38,0.09,0.28,0.84,0.21,0.07,0.88,0.72,0.91,10.73,2.71,0.19,0.04,0.07,0.07,1.19,0.3,0.01,0.76,0.38,0.54,5.82,1.47,0.17,0.25,0.8,0.46,0.62,7.19,1.82,0.17,0.75
2020-2021,Al_Gamosi,Gabouga,0.76,0.35,0.65,5.09,1.29,0.16,0.77,0.35,0.65,5.26,1.33,0.16,0,0.09,0.47,0,0,0,0.83,0.53,0.91,8.36,2.11,0.19,0.07,0.07,0.07,1.25,0.32,0.02,0.74,0.3,0.61,4.31,1.09,0.16,0.25,0.79,0.39,0.7,5.97,1.51,0.17,0.75
2020-2021,Gabouga,Gabouga,0.78,0.38,0.62,5.48,1.38,0.16,0.79,0.37,0.63,5.56,1.41,0.16,0.25,0.08,0.44,0.63,0.16,0.09,0.85,0.56,0.92,8.89,2.25,0.19,0.06,0.08,0.08,1.41,0.36,0.01,0.76,0.32,0.57,4.67,1.18,0.16,0.25,0.81,0.43,0.68,6.41,1.62,0.17,0.75
2020-2021,Elshawal_Al_Riyasa,Elshawal,0.77,0.39,0.61,5.77,1.46,0.16,0.78,0.39,0.61,5.9,1.49,0.17,0.03,0.06,0.46,0.29,0.07,0.06,0.86,0.54,0.94,8.37,2.12,0.19,0.06,0.07,0.07,1.25,0.32,0.01,0.76,0.35,0.56,5.06,1.28,0.16,0.25,0.8,0.44,0.65,6.63,1.68,0.17,0.75
2020-2021,El_waha,Elshawal,0.77,0.4,0.6,5.91,1.49,0.16,0.78,0.41,0.59,6.03,1.52,0.17,0.54,0.14,0.38,1.55,0.39,0.09,0.85,0.62,0.86,9.43,2.38,0.19,0.03,0.06,0.06,1.12,0.28,0.01,0.76,0.36,0.56,5.31,1.34,0.16,0.25,0.79,0.44,0.64,6.6,1.67,0.17,0.75
2020-2021,Ranjouk,Gabouga,0.78,0.4,0.6,5.81,1.47,0.16,0.79,0.42,0.58,6.06,1.53,0.16,0.59,0.17,0.41,1.82,0.46,0.12,0.83,0.59,0.83,9.37,2.37,0.19,0.05,0.09,0.09,1.53,0.39,0.01,0.75,0.32,0.54,4.8,1.21,0.16,0.25,0.81,0.46,0.68,6.78,1.71,0.17,0.75
2021-2022,57,Wad Elnaw,0.79,0.48,0.52,6.58,1.66,0.16,0.8,0.49,0.51,6.87,1.74,0.17,0.02,0.08,0.32,0.31,0.08,0.05,0.87,0.68,0.92,10.12,2.56,0.2,0.06,0.1,0.1,1.57,0.4,0.01,0.77,0.42,0.45,5.66,1.43,0.16,0.25,0.82,0.55,0.58,7.74,1.96,0.17,0.75
2021-2022,88,Elbasatna,0.8,0.49,0.51,7.06,1.78,0.17,0.81,0.5,0.5,7.21,1.82,0.17,0.11,0.07,0.27,0.43,0.11,0.07,0.87,0.73,0.93,10.94,2.77,0.21,0.06,0.1,0.1,1.52,0.38,0.01,0.78,0.43,0.44,6.17,1.56,0.17,0.25,0.83,0.56,0.57,8.14,2.06,0.17,0.75
2021-2022,Abdah_Fadul,Tabat,0.78,0.39,0.61,6.2,1.57,0.18,0.8,0.4,0.6,6.51,1.64,0.18,0.06,0.05,0.41,0.25,0.06,0.04,0.86,0.59,0.95,9.36,2.37,0.25,0.08,0.1,0.1,1.83,0.46,0.02,0.77,0.32,0.53,5.17,1.31,0.17,0.25,0.82,0.47,0.68,7.62,1.93,0.19,0.75
2021-2022,Abu_Gin,Kab_Elgidad,0.77,0.36,0.64,6.12,1.55,0.19,0.79,0.36,0.64,6.24,1.58,0.19,0,0.04,0.36,0.01,0,0,0.87,0.64,0.96,11.53,2.92,0.28,0.09,0.09,0.09,1.93,0.49,0.03,0.76,0.3,0.58,4.95,1.25,0.17,0.25,0.82,0.42,0.7,7.56,1.91,0.21,0.75
2021-2022,Abu_Hawa,Elhafair,0.76,0.35,0.65,5.51,1.39,0.18,0.76,0.35,0.65,5.66,1.43,0.18,0.42,0.08,0.47,0.92,0.23,0.11,0.85,0.53,0.92,9.66,2.44,0.25,0.05,0.07,0.07,1.39,0.35,0.02,0.74,0.3,0.61,4.65,1.17,0.17,0.25,0.78,0.39,0.7,6.45,1.63,0.19,0.75
2021-2022,Abu_Quta,Abd_ElMagid,0.78,0.31,0.69,5.45,1.38,0.19,0.8,0.33,0.67,5.65,1.43,0.2,0.05,0.04,0.5,0.3,0.08,0.07,0.87,0.5,0.96,9.29,2.35,0.28,0.1,0.09,0.09,1.96,0.5,0.03,0.77,0.27,0.62,4.15,1.05,0.17,0.25,0.82,0.38,0.73,6.85,1.73,0.21,0.75
2021-2022,Abu_Usher,Al_Gourashi,0.78,0.41,0.59,6.63,1.68,0.18,0.8,0.42,0.58,6.84,1.73,0.19,0,0.05,0.27,0.05,0.01,0.01,0.88,0.73,0.95,13.36,3.38,0.29,0.07,0.11,0.11,1.95,0.49,0.03,0.76,0.34,0.51,5.39,1.36,0.17,0.25,0.82,0.49,0.66,8.11,2.05,0.19,0.75
2021-2022,Affan,Matouri,0.78,0.41,0.59,6.2,1.57,0.17,0.79,0.41,0.59,6.27,1.58,0.18,0,0.06,0.39,0.12,0.03,0.02,0.87,0.61,0.94,10.26,2.59,0.23,0.06,0.08,0.08,1.57,0.4,0.02,0.76,0.35,0.54,5.23,1.32,0.16,0.25,0.81,0.46,0.65,7.31,1.85,0.19,0.75
2021-2022,Al_Awamrah,Abd_ElMagid,0.78,0.33,0.67,5.85,1.48,0.2,0.8,0.34,0.66,6.13,1.55,0.2,0.1,0.04,0.35,0.27,0.07,0.07,0.86,0.65,0.96,11.49,2.9,0.3,0.08,0.09,0.09,2,0.5,0.03,0.77,0.28,0.62,4.56,1.15,0.18,0.25,0.82,0.38,0.72,7.34,1.86,0.22,0.75
2021-2022,Al_Saadana,Turabi,0.79,0.4,0.6,6.69,1.69,0.19,0.8,0.41,0.59,6.94,1.75,0.19,0.08,0.06,0.38,0.11,0.03,0.02,0.87,0.62,0.94,11,2.78,0.3,0.06,0.1,0.1,1.88,0.48,0.03,0.77,0.34,0.53,5.52,1.4,0.18,0.25,0.82,0.47,0.66,8.11,2.05,0.2,0.75
2021-2022,Umm_Juha,Turabi,0.78,0.34,0.66,5.99,1.51,0.19,0.79,0.34,0.66,6.02,1.52,0.2,0.02,0.04,0.38,0.03,0.01,0.01,0.88,0.62,0.96,12.1,3.06,0.28,0.07,0.1,0.1,2.09,0.53,0.03,0.76,0.28,0.59,4.51,1.14,0.17,0.25,0.82,0.41,0.72,7.66,1.94,0.21,0.75
2021-2022,Turabi_Al_Riyasa,Turabi,0.79,0.38,0.62,6.54,1.65,0.19,0.8,0.38,0.62,6.63,1.68,0.2,0,0.04,0.26,0.07,0.02,0.01,0.87,0.74,0.96,12.12,3.06,0.28,0.07,0.09,0.09,1.9,0.48,0.03,0.77,0.32,0.55,5.28,1.33,0.18,0.25,0.82,0.45,0.68,7.98,2.02,0.21,0.75
2021-2022,Wad_Bala,Turabi,0.77,0.38,0.62,6.27,1.59,0.18,0.79,0.38,0.62,6.47,1.64,0.19,0,0.04,0.4,0,0,0,0.86,0.6,0.96,10.24,2.59,0.28,0.08,0.09,0.09,1.92,0.49,0.03,0.75,0.32,0.55,5.03,1.27,0.17,0.25,0.81,0.45,0.68,7.78,1.97,0.2,0.75
2021-2022,Fargin,Kab_Elgidad,0.79,0.34,0.66,6.01,1.52,0.19,0.8,0.35,0.65,6.11,1.55,0.19,0.04,0.03,0.38,0.27,0.07,0.08,0.87,0.62,0.97,11.29,2.85,0.3,0.06,0.09,0.09,1.82,0.46,0.03,0.77,0.29,0.6,4.83,1.22,0.17,0.25,0.82,0.4,0.71,7.33,1.85,0.22,0.75
2021-2022,Abd_ElMagid_Al_Riyasa,Abd_ElMagid,0.77,0.36,0.64,6.24,1.58,0.19,0.78,0.34,0.66,6.06,1.53,0.19,0.31,0.06,0.34,0.27,0.07,0.05,0.86,0.66,0.94,11.35,2.87,0.26,0.07,0.13,0.13,2.38,0.6,0.03,0.75,0.27,0.53,4.66,1.18,0.18,0.25,0.82,0.47,0.73,8.16,2.06,0.21,0.75
2021-2022,Fawar,Tabat,0.78,0.39,0.61,6.54,1.65,0.19,0.79,0.39,0.61,6.75,1.71,0.19,0.37,0.08,0.31,0.76,0.19,0.11,0.86,0.69,0.92,11.58,2.93,0.27,0.05,0.12,0.12,2.1,0.53,0.02,0.76,0.31,0.53,5.1,1.29,0.18,0.25,0.81,0.47,0.69,8.05,2.04,0.2,0.75
2021-2022,Abd_Elmagid,Surhan,0.77,0.32,0.68,5.29,1.34,0.18,0.78,0.33,0.67,5.36,1.36,0.18,0.23,0.05,0.45,0.5,0.13,0.11,0.85,0.55,0.95,9.74,2.46,0.26,0.07,0.09,0.09,1.91,0.48,0.03,0.75,0.27,0.62,4.01,1.01,0.16,0.25,0.81,0.38,0.73,6.67,1.69,0.2,0.75
2021-2022,Surhan_Al_Riyasa,Surhan,0.77,0.36,0.64,5.71,1.44,0.18,0.79,0.36,0.64,5.8,1.47,0.18,0,0.05,0.42,0.32,0.08,0.07,0.86,0.58,0.95,9.89,2.5,0.26,0.08,0.09,0.09,1.67,0.42,0.03,0.76,0.31,0.58,4.66,1.18,0.16,0.25,0.81,0.42,0.69,6.92,1.75,0.19,0.75
2021-2022,Istarhna,Al_Gourashi,0.77,0.4,0.6,6.17,1.56,0.17,0.78,0.4,0.6,6.28,1.59,0.18,0.2,0.07,0.24,0.5,0.13,0.06,0.87,0.76,0.93,11.91,3.01,0.24,0.06,0.1,0.1,1.81,0.46,0.02,0.75,0.33,0.52,5,1.26,0.17,0.25,0.81,0.48,0.67,7.52,1.9,0.19,0.75
2021-2022,Al_Gourashi_Al_Riyasa,Al_Gourashi,0.77,0.37,0.63,5.8,1.47,0.18,0.79,0.38,0.62,6.05,1.53,0.18,0.16,0.06,0.27,0,0,0,0.85,0.73,0.94,9.24,2.34,0.24,0.08,0.1,0.1,1.77,0.45,0.02,0.75,0.32,0.56,4.68,1.18,0.17,0.25,0.81,0.44,0.68,7.16,1.81,0.19,0.75
2021-2022,El_Rukun,Tabat,0.77,0.39,0.61,6.08,1.54,0.18,0.79,0.4,0.6,6.35,1.6,0.18,0.22,0.07,0.41,0.49,0.12,0.07,0.86,0.59,0.93,9.63,2.43,0.26,0.07,0.09,0.09,1.69,0.43,0.02,0.75,0.33,0.55,5.08,1.28,0.17,0.25,0.81,0.45,0.67,7.34,1.85,0.19,0.75
2021-2022,Wad_El_Saiyid,Elmessellamia,0.77,0.39,0.61,6.11,1.54,0.18,0.79,0.39,0.61,6.36,1.61,0.18,0.04,0.06,0.41,0.08,0.02,0.01,0.86,0.59,0.94,9.54,2.41,0.23,0.08,0.09,0.09,1.66,0.42,0.02,0.76,0.33,0.55,5.21,1.32,0.17,0.25,0.81,0.45,0.67,7.3,1.84,0.19,0.75
2021-2022,Al_Firijab,Surhan,0.77,0.39,0.61,6.13,1.55,0.18,0.79,0.39,0.61,6.37,1.61,0.18,0.38,0.11,0.41,1.02,0.26,0.1,0.85,0.59,0.89,9.45,2.39,0.23,0.07,0.08,0.08,1.59,0.4,0.02,0.76,0.34,0.56,5.37,1.36,0.17,0.25,0.81,0.44,0.66,7.19,1.82,0.19,0.75
2021-2022,Tannub,Tabat,0.79,0.42,0.58,6.59,1.67,0.18,0.8,0.43,0.57,6.89,1.74,0.18,0.14,0.06,0.32,0.5,0.13,0.09,0.86,0.68,0.94,10.07,2.55,0.24,0.06,0.09,0.09,1.6,0.4,0.02,0.77,0.37,0.53,5.74,1.45,0.17,0.25,0.82,0.47,0.63,7.67,1.94,0.19,0.75
2021-2022,Tabat_Al_Riyasa,Tabat,0.78,0.42,0.58,6.68,1.69,0.18,0.8,0.43,0.57,6.92,1.75,0.18,0.11,0.07,0.28,0.47,0.12,0.07,0.86,0.72,0.93,11.05,2.79,0.24,0.05,0.08,0.08,1.44,0.36,0.02,0.77,0.38,0.52,5.94,1.5,0.18,0.25,0.82,0.48,0.62,7.67,1.94,0.19,0.75
2021-2022,Saad_Allah,Elmessellamia,0.77,0.4,0.6,6.11,1.54,0.17,0.78,0.41,0.59,6.3,1.59,0.18,0.12,0.06,0.33,0.45,0.11,0.08,0.87,0.67,0.94,10.23,2.59,0.22,0.06,0.09,0.09,1.61,0.41,0.02,0.75,0.35,0.54,5.11,1.29,0.17,0.25,0.81,0.46,0.65,7.21,1.82,0.18,0.75
2021-2022,Wad_ElBurr,Wad_ElBurr,0.79,0.45,0.55,6.99,1.77,0.18,0.8,0.47,0.53,7.24,1.83,0.18,0.03,0.06,0.29,0.33,0.08,0.06,0.86,0.71,0.94,10.62,2.68,0.22,0.05,0.08,0.08,1.43,0.36,0.02,0.78,0.41,0.49,6.19,1.56,0.17,0.25,0.82,0.51,0.59,7.98,2.02,0.19,0.75
2021-2022,Wad_Hilal,Wad_ElBurr,0.78,0.42,0.58,6.19,1.57,0.17,0.79,0.43,0.57,6.47,1.64,0.17,0.31,0.09,0.37,0.64,0.16,0.08,0.85,0.63,0.91,9.09,2.3,0.22,0.05,0.09,0.09,1.49,0.38,0.02,0.77,0.37,0.52,5.39,1.36,0.16,0.25,0.81,0.48,0.63,7.3,1.84,0.18,0.75
2021-2022,Elmessellamia_Al_Riyasa,Elmessellamia,0.78,0.42,0.58,6.39,1.61,0.17,0.79,0.43,0.57,6.62,1.67,0.18,0.33,0.1,0.38,0.8,0.2,0.1,0.85,0.62,0.9,9.5,2.4,0.21,0.05,0.07,0.07,1.3,0.33,0.02,0.77,0.38,0.53,5.69,1.44,0.17,0.25,0.81,0.47,0.62,7.27,1.84,0.18,0.75
2021-2022,Beika,Elmessellamia,0.77,0.42,0.58,6.27,1.59,0.17,0.79,0.42,0.58,6.46,1.63,0.18,0,0.06,0.3,0.09,0.02,0.02,0.86,0.7,0.94,10.28,2.6,0.23,0.07,0.1,0.1,1.68,0.42,0.02,0.76,0.36,0.52,5.27,1.33,0.17,0.25,0.81,0.48,0.64,7.43,1.88,0.18,0.75
2021-2022,Bortobeil,Elbasatna,0.78,0.42,0.58,6.24,1.58,0.17,0.79,0.42,0.58,6.43,1.63,0.18,0.1,0.06,0.32,0.41,0.1,0.07,0.86,0.68,0.94,9.54,2.41,0.21,0.08,0.09,0.09,1.45,0.37,0.02,0.76,0.37,0.53,5.49,1.39,0.17,0.25,0.81,0.47,0.63,7.2,1.82,0.18,0.75
2021-2022,Barakat_Al_Riyasa,Elbasatna,0.79,0.46,0.54,6.62,1.67,0.17,0.8,0.47,0.53,6.9,1.74,0.17,0.11,0.07,0.32,0.43,0.11,0.06,0.87,0.68,0.93,10.28,2.6,0.22,0.06,0.1,0.1,1.67,0.42,0.02,0.77,0.4,0.47,5.76,1.45,0.16,0.25,0.83,0.53,0.6,7.78,1.97,0.17,0.75
2021-2022,Wad_Figda,Hag Abdalla and North West Sennar,0.78,0.46,0.54,6.29,1.59,0.16,0.8,0.48,0.52,6.57,1.66,0.16,0.11,0.08,0.35,0.45,0.11,0.07,0.86,0.65,0.92,9.66,2.44,0.19,0.06,0.1,0.1,1.55,0.39,0.01,0.76,0.4,0.47,5.42,1.37,0.16,0.25,0.82,0.53,0.6,7.43,1.88,0.17,0.75
2021-2022,Al_Toman,Wad Elnaw,0.78,0.44,0.56,6.16,1.56,0.16,0.8,0.46,0.54,6.46,1.63,0.17,0,0.07,0.33,0.31,0.08,0.05,0.86,0.67,0.93,9.94,2.51,0.2,0.07,0.1,0.1,1.67,0.42,0.02,0.76,0.37,0.48,5.14,1.3,0.16,0.25,0.82,0.52,0.63,7.36,1.86,0.17,0.75
2021-2022,Hag_Abdalla,Hag Abdalla and North West Sennar,0.8,0.46,0.54,6.39,1.61,0.16,0.81,0.48,0.52,6.69,1.69,0.17,0.11,0.07,0.37,0.4,0.1,0.06,0.88,0.63,0.93,9.38,2.37,0.2,0.06,0.09,0.09,1.54,0.39,0.01,0.78,0.41,0.47,5.59,1.41,0.16,0.25,0.83,0.53,0.59,7.49,1.89,0.17,0.75
2021-2022,Wad_Elnaw_Al_Riyasa,Wad Elnaw,0.8,0.47,0.53,6.64,1.68,0.16,0.81,0.48,0.52,6.84,1.73,0.17,0.13,0.07,0.24,0.31,0.08,0.05,0.88,0.76,0.93,11.18,2.83,0.2,0.05,0.09,0.09,1.57,0.4,0.01,0.79,0.41,0.46,5.72,1.45,0.16,0.25,0.83,0.54,0.59,7.78,1.97,0.17,0.75
2021-2022,Hadad,Hag Abdalla and North West Sennar,0.78,0.45,0.55,6.08,1.54,0.16,0.79,0.46,0.54,6.25,1.58,0.16,0.04,0.06,0.29,0.31,0.08,0.06,0.86,0.71,0.94,9.73,2.46,0.19,0.06,0.09,0.09,1.42,0.36,0.01,0.76,0.4,0.49,5.38,1.36,0.16,0.25,0.81,0.51,0.6,7.03,1.78,0.17,0.75
2021-2022,Gundal,Hag Abdalla and North West Sennar,0.78,0.43,0.57,5.74,1.45,0.16,0.79,0.43,0.57,5.93,1.5,0.16,0.37,0.11,0.34,0.86,0.22,0.09,0.87,0.66,0.89,9.38,2.37,0.18,0.05,0.08,0.08,1.32,0.33,0.01,0.76,0.38,0.52,5.06,1.28,0.16,0.25,0.81,0.48,0.62,6.65,1.68,0.17,0.75
2021-2022,Fahal,El_Mukhtar,0.76,0.43,0.57,5.88,1.49,0.16,0.77,0.44,0.56,6.12,1.55,0.17,0.12,0.07,0.32,0.38,0.1,0.06,0.84,0.68,0.93,9.75,2.46,0.2,0.07,0.1,0.1,1.57,0.4,0.02,0.74,0.37,0.5,5.01,1.27,0.16,0.25,0.8,0.5,0.63,6.99,1.77,0.17,0.75
2021-2022,Hamadna_Allah,El_Mukhtar,0.79,0.44,0.56,6.53,1.65,0.17,0.8,0.45,0.55,6.79,1.72,0.17,0.14,0.07,0.37,0.48,0.12,0.09,0.86,0.63,0.93,9.77,2.47,0.24,0.06,0.09,0.09,1.57,0.4,0.02,0.77,0.38,0.49,5.64,1.42,0.17,0.25,0.82,0.51,0.62,7.68,1.94,0.18,0.75
2021-2022,Um_Degina,El_Mukhtar,0.77,0.45,0.55,6.64,1.68,0.17,0.79,0.46,0.54,6.93,1.75,0.17,0.04,0.07,0.36,0.1,0.02,0.02,0.86,0.64,0.93,10.31,2.61,0.21,0.07,0.1,0.1,1.73,0.44,0.02,0.75,0.38,0.47,5.6,1.42,0.17,0.25,0.81,0.53,0.62,7.94,2.01,0.18,0.75
2021-2022,Shaliee_Al_Riyasa,Shaliee,0.79,0.44,0.56,6.66,1.68,0.17,0.8,0.44,0.56,6.9,1.74,0.18,0.09,0.08,0.32,0,0,0,0.86,0.68,0.92,10.37,2.62,0.24,0.06,0.09,0.09,1.5,0.38,0.02,0.77,0.38,0.5,5.88,1.49,0.17,0.25,0.82,0.5,0.62,7.67,1.94,0.18,0.75
2021-2022,Wad_Elzain,Shaliee,0.78,0.4,0.6,5.79,1.46,0.16,0.8,0.4,0.6,5.86,1.48,0.17,0.53,0.13,0.38,1.44,0.36,0.1,0.86,0.62,0.87,9.9,2.5,0.23,0.05,0.09,0.09,1.72,0.43,0.02,0.77,0.34,0.54,4.45,1.13,0.15,0.25,0.82,0.46,0.66,7.16,1.81,0.18,0.75
2021-2022,Shandi,Shaliee,0.78,0.35,0.65,5.62,1.42,0.18,0.79,0.34,0.66,5.69,1.44,0.18,0.51,0.11,0.43,1.32,0.33,0.11,0.86,0.57,0.89,9.64,2.44,0.25,0.06,0.09,0.09,1.77,0.45,0.03,0.75,0.3,0.59,4.55,1.15,0.16,0.25,0.81,0.41,0.7,6.71,1.7,0.19,0.75
2021-2022,Elhurga_Nuraldin,Elhurga/Nuraldin,,,,,,,,,,,,,,,,,,,,,,,,,,,,,,,,,,,,,0.25,,,,,,,0.75
2021-2022,El_Sharqi_Al_Riyasa,Al Genied,0.76,0.34,0.66,5.49,1.39,0.18,0.79,0.36,0.64,5.84,1.48,0.18,0,0.03,0.43,0.14,0.04,0.04,0.86,0.57,0.97,9.94,2.51,0.24,0.1,0.11,0.11,2.08,0.53,0.03,0.75,0.27,0.57,3.97,1,0.16,0.25,0.81,0.43,0.73,7.21,1.82,0.19,0.75
2021-2022,El_Ariga,EL_Mansi,0.78,0.39,0.61,6.04,1.53,0.17,0.79,0.4,0.6,6.25,1.58,0.18,0.36,0.1,0.41,0.82,0.21,0.1,0.86,0.59,0.9,9.73,2.46,0.22,0.05,0.09,0.09,1.68,0.42,0.02,0.77,0.34,0.55,4.9,1.24,0.16,0.25,0.81,0.45,0.66,7.27,1.84,0.18,0.75
2021-2022,Shakir,EL_Mansi,0.77,0.35,0.65,5.67,1.43,0.18,0.79,0.35,0.65,5.87,1.48,0.18,0.09,0.06,0.32,0.43,0.11,0.07,0.84,0.68,0.94,11.53,2.91,0.26,0.06,0.09,0.09,1.8,0.45,0.02,0.76,0.3,0.58,4.43,1.12,0.17,0.25,0.81,0.42,0.7,6.92,1.75,0.19,0.75
2021-2022,EL_Nala,El_Tahameed,0.79,0.35,0.65,6.15,1.55,0.19,0.81,0.36,0.64,6.39,1.61,0.19,0,0.05,0.42,0.11,0.03,0.03,0.86,0.58,0.95,10.23,2.59,0.28,0.07,0.09,0.09,1.86,0.47,0.03,0.78,0.29,0.58,4.93,1.25,0.18,0.25,0.83,0.42,0.71,7.57,1.91,0.21,0.75
2021-2022,EL_Mansi_Al_Riyasa,EL_Mansi,0.79,0.41,0.59,6.53,1.65,0.18,0.8,0.41,0.59,6.75,1.71,0.18,0,0.05,0.4,0.1,0.02,0.02,0.86,0.6,0.95,10.23,2.59,0.24,0.08,0.09,0.09,1.66,0.42,0.02,0.77,0.35,0.53,5.62,1.42,0.17,0.25,0.82,0.47,0.65,7.7,1.95,0.19,0.75
2021-2022,El_Tahameed_Al_Riyasa,El_Tahameed,0.79,0.37,0.63,6.21,1.57,0.18,0.8,0.37,0.63,6.38,1.61,0.19,0.12,0.06,0.39,0.43,0.11,0.08,0.85,0.61,0.94,10.44,2.64,0.25,0.05,0.08,0.08,1.67,0.42,0.02,0.78,0.31,0.57,5.13,1.3,0.17,0.25,0.82,0.43,0.69,7.48,1.89,0.2,0.75
2021-2022,Tku,El_Tahameed,0.78,0.37,0.63,5.86,1.48,0.18,0.79,0.36,0.64,5.93,1.5,0.18,0.18,0.04,0.33,0.32,0.08,0.05,0.85,0.67,0.96,10.76,2.72,0.24,0.06,0.09,0.09,1.66,0.42,0.02,0.76,0.32,0.57,4.7,1.19,0.16,0.25,0.81,0.43,0.68,7.1,1.79,0.19,0.75
2021-2022,Al_Tarfa,Elfakhakhir,0.75,0.39,0.61,6.35,1.61,0.18,0.76,0.38,0.62,6.36,1.61,0.18,0,0.06,0.3,0.01,0,0,0.84,0.7,0.94,11.77,2.98,0.25,0.08,0.11,0.11,1.98,0.5,0.02,0.73,0.33,0.54,5.14,1.3,0.17,0.25,0.79,0.46,0.67,7.62,1.93,0.19,0.75
2021-2022,Al_Taayif,Elfakhakhir,0.77,0.4,0.6,6.08,1.54,0.17,0.79,0.41,0.59,6.37,1.61,0.18,0,0.05,0.39,0.03,0.01,0.01,0.85,0.61,0.95,9.74,2.46,0.23,0.09,0.1,0.1,1.75,0.44,0.02,0.76,0.34,0.52,4.93,1.25,0.16,0.25,0.81,0.48,0.66,7.4,1.87,0.18,0.75
2021-2022,Al_Krimit,Elfakhakhir,0.78,0.4,0.6,6.09,1.54,0.17,0.79,0.41,0.59,6.24,1.58,0.17,0,0.06,0.39,0.26,0.06,0.05,0.86,0.61,0.94,9.85,2.49,0.24,0.06,0.08,0.08,1.49,0.38,0.02,0.76,0.36,0.55,5.11,1.29,0.16,0.25,0.81,0.45,0.64,7.16,1.81,0.18,0.75
2021-2022,Hegeliga,Elhafair,0.75,0.41,0.59,5.83,1.47,0.16,0.76,0.39,0.61,5.52,1.4,0.17,0.31,0.13,0.29,1.34,0.34,0.07,0.84,0.71,0.87,10.76,2.72,0.23,0.06,0.12,0.12,1.86,0.47,0.03,0.73,0.32,0.51,4.6,1.16,0.16,0.25,0.78,0.49,0.68,7.11,1.8,0.18,0.75
2021-2022,Elfakhakhir_Al_Riyasa,Elfakhakhir,0.77,0.38,0.62,5.62,1.42,0.17,0.78,0.36,0.64,5.68,1.44,0.17,0.28,0.09,0.28,0.71,0.18,0.09,0.86,0.72,0.91,11.16,2.82,0.23,0.06,0.1,0.1,1.76,0.44,0.02,0.75,0.32,0.57,4.58,1.16,0.16,0.25,0.81,0.43,0.68,6.77,1.71,0.18,0.75
2021-2022,Matouri_Al_Riyasa,Matouri,0.75,0.39,0.61,5.75,1.45,0.17,0.77,0.39,0.61,6.03,1.53,0.17,0,0.05,0.37,0.04,0.01,0.01,0.87,0.63,0.95,9.74,2.46,0.22,0.11,0.12,0.12,2.08,0.52,0.03,0.74,0.31,0.53,4.33,1.09,0.16,0.25,0.81,0.47,0.69,7.37,1.86,0.18,0.75
2021-2022,El_Zafir,Elhafair,0.76,0.39,0.61,5.95,1.5,0.17,0.77,0.38,0.62,5.99,1.51,0.18,0,0.05,0.27,0.22,0.06,0.02,0.85,0.73,0.95,11.42,2.89,0.25,0.07,0.12,0.12,1.83,0.46,0.03,0.74,0.32,0.55,4.85,1.23,0.16,0.25,0.8,0.45,0.68,7.07,1.79,0.19,0.75
2021-2022,Elhafair_Al_Riyasa,Elhafair,0.76,0.31,0.69,5.16,1.3,0.18,0.77,0.32,0.68,5.36,1.35,0.18,0.34,0.06,0.53,0.6,0.15,0.12,0.85,0.47,0.94,8.61,2.18,0.23,0.07,0.09,0.09,1.69,0.43,0.02,0.73,0.26,0.63,3.96,1,0.17,0.25,0.8,0.37,0.74,6.51,1.65,0.2,0.75
2021-2022,Um_Suneita,Matouri,0.7,0.31,0.69,4.69,1.19,0.16,0.76,0.32,0.68,5.1,1.29,0.17,0.03,0.05,0.43,0.3,0.08,0.06,0.86,0.57,0.95,8.72,2.2,0.21,0.16,0.12,0.12,2.03,0.51,0.03,0.69,0.23,0.61,3.52,0.89,0.15,0.25,0.78,0.39,0.77,6.04,1.53,0.18,0.75
2021-2022,Disheinat,Matouri,0.77,0.41,0.59,5.81,1.47,0.16,0.78,0.4,0.6,5.72,1.45,0.17,0.25,0.08,0.32,0.58,0.15,0.09,0.86,0.68,0.92,10.45,2.64,0.22,0.05,0.1,0.1,1.71,0.43,0.02,0.75,0.33,0.52,4.59,1.16,0.15,0.25,0.81,0.48,0.67,7.01,1.77,0.17,0.75
2021-2022,Um_Gargor,Elshawal,0.78,0.44,0.56,6.48,1.64,0.17,0.79,0.44,0.56,6.54,1.65,0.17,0.42,0.1,0.23,0.86,0.22,0.1,0.87,0.77,0.9,10.77,2.72,0.21,0.04,0.08,0.08,1.25,0.31,0.01,0.77,0.39,0.51,5.74,1.45,0.17,0.25,0.81,0.49,0.61,7.37,1.86,0.18,0.75
2021-2022,Al_Gamosi,Gabouga,0.76,0.36,0.64,5.08,1.28,0.16,0.77,0.36,0.64,5.12,1.29,0.16,0.27,0.09,0.42,0.63,0.16,0.07,0.86,0.58,0.91,8.82,2.23,0.22,0.06,0.07,0.07,1.33,0.34,0.02,0.75,0.32,0.58,4.14,1.05,0.15,0.25,0.8,0.42,0.68,6.03,1.52,0.17,0.75
2021-2022,Gabouga,Gabouga,0.77,0.39,0.61,5.54,1.4,0.17,0.79,0.39,0.61,5.7,1.44,0.17,0.16,0.08,0.42,0.49,0.12,0.08,0.86,0.58,0.92,8.6,2.17,0.22,0.08,0.09,0.09,1.47,0.37,0.02,0.75,0.34,0.55,4.66,1.18,0.16,0.25,0.81,0.45,0.66,6.59,1.67,0.17,0.75
2021-2022,Elshawal_Al_Riyasa,Elshawal,0.78,0.41,0.59,6.02,1.52,0.17,0.78,0.42,0.58,6.29,1.59,0.17,0.05,0.06,0.41,0.36,0.09,0.06,0.85,0.59,0.94,8.79,2.22,0.22,0.06,0.09,0.09,1.45,0.37,0.01,0.76,0.37,0.53,5.33,1.35,0.17,0.25,0.81,0.47,0.63,7.01,1.77,0.18,0.75
2021-2022,El_waha,Elshawal,0.79,0.43,0.57,6.24,1.58,0.17,0.8,0.44,0.56,6.45,1.63,0.17,0.28,0.06,0.38,0.5,0.13,0.09,0.85,0.62,0.94,9.04,2.29,0.21,0.05,0.09,0.09,1.42,0.36,0.01,0.77,0.38,0.51,5.49,1.39,0.17,0.25,0.81,0.49,0.62,7.25,1.83,0.17,0.75
2021-2022,Ranjouk,Gabouga,0.78,0.41,0.59,5.84,1.48,0.16,0.8,0.42,0.58,6.09,1.54,0.17,0.12,0.06,0.43,0.4,0.1,0.07,0.85,0.57,0.94,8.55,2.16,0.2,0.06,0.1,0.1,1.59,0.4,0.02,0.76,0.35,0.52,4.98,1.26,0.16,0.25,0.81,0.48,0.65,7.04,1.78,0.17,0.75
2022-2023,57,Wad Elnaw,0.78,0.44,0.56,6.45,1.63,0.17,0.79,0.44,0.56,6.53,1.65,0.17,0.07,0.07,0.26,0.49,0.12,0.07,0.88,0.74,0.93,11.14,2.82,0.2,0.06,0.1,0.1,1.65,0.42,0.01,0.76,0.37,0.49,5.36,1.36,0.17,0.25,0.82,0.51,0.63,7.59,1.92,0.18,0.75
2022-2023,88,Elbasatna,0.78,0.45,0.55,6.71,1.7,0.17,0.8,0.45,0.55,6.77,1.71,0.17,0,0.06,0.24,0.22,0.05,0.03,0.87,0.76,0.94,12.32,3.11,0.2,0.08,0.11,0.11,1.77,0.45,0.01,0.76,0.39,0.48,5.72,1.45,0.17,0.25,0.82,0.52,0.61,7.75,1.96,0.18,0.75
2022-2023,Abdah_Fadul,Tabat,0.78,0.41,0.59,6.62,1.67,0.18,0.8,0.41,0.59,6.75,1.71,0.19,0,0.06,0.34,0.28,0.07,0.05,0.88,0.66,0.94,11.33,2.86,0.24,0.06,0.11,0.11,1.95,0.49,0.02,0.76,0.34,0.52,5.33,1.35,0.18,0.25,0.82,0.48,0.66,8.09,2.04,0.19,0.75
2022-2023,Abu_Gin,Kab_Elgidad,0.78,0.3,0.7,5.16,1.3,0.19,0.8,0.3,0.7,5.09,1.29,0.19,0,0.03,0.3,0.03,0.01,0.01,0.88,0.7,0.97,12.92,3.26,0.29,0.08,0.09,0.09,1.87,0.47,0.03,0.76,0.25,0.65,3.89,0.98,0.17,0.25,0.83,0.35,0.75,6.4,1.62,0.21,0.75
2022-2023,Abu_Hawa,Elhafair,0.77,0.38,0.62,6.81,1.72,0.2,0.77,0.38,0.62,6.71,1.7,0.2,0.41,0.07,0.33,0.95,0.24,0.14,0.86,0.67,0.93,12.72,3.21,0.24,0.05,0.1,0.1,2.11,0.53,0.02,0.74,0.31,0.55,5.35,1.35,0.19,0.25,0.8,0.45,0.69,8.24,2.08,0.2,0.75
2022-2023,Abu_Quta,Abd_ElMagid,0.79,0.26,0.74,4.48,1.13,0.19,0.81,0.27,0.73,4.38,1.11,0.19,0.23,0.03,0.52,0.39,0.1,0.12,0.89,0.48,0.97,9.07,2.29,0.27,0.07,0.09,0.09,1.79,0.45,0.03,0.77,0.21,0.68,3.15,0.8,0.17,0.25,0.83,0.32,0.79,5.82,1.47,0.21,0.75
2022-2023,Abu_Usher,Al_Gourashi,0.79,0.4,0.6,6.67,1.69,0.18,0.8,0.41,0.59,6.8,1.72,0.19,0,0.04,0.15,0.05,0.01,0.01,0.88,0.85,0.96,13.73,3.47,0.25,0.07,0.11,0.11,2.07,0.52,0.02,0.77,0.33,0.52,5.26,1.33,0.18,0.25,0.83,0.48,0.67,8.2,2.07,0.2,0.75
2022-2023,Affan,Matouri,0.76,0.38,0.62,6.11,1.55,0.18,0.77,0.37,0.63,6.16,1.56,0.19,0.05,0.06,0.37,0.42,0.11,0.07,0.85,0.63,0.94,10.21,2.58,0.22,0.07,0.09,0.09,1.59,0.4,0.01,0.74,0.32,0.57,5.13,1.3,0.18,0.25,0.8,0.43,0.68,7.18,1.82,0.19,0.75
2022-2023,Al_Awamrah,Abd_ElMagid,0.79,0.3,0.7,5.25,1.33,0.19,0.81,0.3,0.7,5.31,1.34,0.19,0.02,0.04,0.46,0.12,0.03,0.03,0.88,0.54,0.96,9.85,2.49,0.27,0.07,0.08,0.08,1.86,0.47,0.03,0.78,0.24,0.64,3.9,0.99,0.17,0.25,0.83,0.36,0.76,6.58,1.66,0.21,0.75
2022-2023,Al_Saadana,Turabi,0.78,0.37,0.63,6.07,1.53,0.18,0.8,0.36,0.64,6.1,1.54,0.19,0.14,0.06,0.32,0.34,0.09,0.05,0.87,0.68,0.94,11.64,2.94,0.28,0.06,0.1,0.1,1.96,0.5,0.02,0.76,0.3,0.57,4.73,1.2,0.17,0.25,0.82,0.43,0.7,7.5,1.9,0.2,0.75
2022-2023,Umm_Juha,Turabi,0.79,0.3,0.7,5.25,1.33,0.19,0.81,0.29,0.71,5.01,1.27,0.19,0,0.03,0.28,0.22,0.06,0.08,0.9,0.72,0.97,13.75,3.48,0.28,0.08,0.11,0.11,2.2,0.56,0.03,0.77,0.23,0.64,3.66,0.93,0.17,0.25,0.84,0.36,0.77,6.61,1.67,0.21,0.75
2022-2023,Turabi_Al_Riyasa,Turabi,0.79,0.34,0.66,5.79,1.46,0.19,0.8,0.34,0.66,5.76,1.46,0.19,0,0.05,0.23,0.01,0,0,0.9,0.77,0.95,13.01,3.29,0.27,0.07,0.09,0.09,1.92,0.48,0.03,0.77,0.28,0.61,4.52,1.14,0.17,0.25,0.83,0.39,0.72,7.01,1.77,0.21,0.75
2022-2023,Wad_Bala,Turabi,0.79,0.37,0.63,6.18,1.56,0.19,0.81,0.36,0.64,6.12,1.55,0.19,0,0.05,0.34,0.14,0.04,0.03,0.89,0.66,0.95,12.79,3.23,0.25,0.07,0.1,0.1,2.12,0.54,0.02,0.77,0.29,0.56,4.65,1.18,0.17,0.25,0.84,0.44,0.71,7.73,1.95,0.2,0.75
2022-2023,Fargin,Kab_Elgidad,0.8,0.29,0.71,5.04,1.27,0.19,0.81,0.29,0.71,4.97,1.26,0.19,0,0.02,0.46,0.25,0.06,0.1,0.89,0.54,0.98,10.12,2.56,0.28,0.07,0.08,0.08,1.74,0.44,0.03,0.78,0.23,0.66,3.93,0.99,0.18,0.25,0.83,0.34,0.77,6.2,1.57,0.21,0.75
2022-2023,Abd_ElMagid_Al_Riyasa,Abd_ElMagid,0.78,0.36,0.64,6.12,1.55,0.19,0.79,0.33,0.67,5.85,1.48,0.19,0.51,0.1,0.29,1.05,0.27,0.12,0.89,0.71,0.9,12.35,3.12,0.23,0.06,0.14,0.14,2.59,0.65,0.02,0.76,0.26,0.56,4.21,1.06,0.18,0.25,0.83,0.44,0.74,7.79,1.97,0.2,0.75
2022-2023,Fawar,Tabat,0.76,0.32,0.68,5.26,1.33,0.18,0.78,0.32,0.68,5.12,1.3,0.18,0,0.04,0.44,0.26,0.07,0.07,0.87,0.56,0.96,11.25,2.84,0.24,0.09,0.1,0.1,2.03,0.51,0.02,0.74,0.25,0.62,3.75,0.95,0.17,0.25,0.81,0.38,0.75,6.55,1.66,0.2,0.75
2022-2023,Abd_Elmagid,Surhan,0.8,0.37,0.63,6.07,1.53,0.18,0.81,0.35,0.65,5.9,1.49,0.18,0.31,0.04,0.35,0.42,0.11,0.11,0.88,0.65,0.96,11.82,2.99,0.24,0.06,0.11,0.11,2.26,0.57,0.02,0.78,0.29,0.56,4.38,1.11,0.17,0.25,0.83,0.44,0.71,7.66,1.94,0.19,0.75
2022-2023,Surhan_Al_Riyasa,Surhan,0.77,0.38,0.62,6.38,1.61,0.18,0.79,0.38,0.62,6.48,1.64,0.19,0,0.05,0.32,0.06,0.01,0.01,0.86,0.68,0.95,12.1,3.06,0.25,0.08,0.1,0.1,1.98,0.5,0.02,0.75,0.32,0.55,5.05,1.28,0.17,0.25,0.81,0.45,0.68,7.74,1.96,0.19,0.75
2022-2023,Istarhna,Al_Gourashi,0.77,0.4,0.6,6.54,1.65,0.18,0.78,0.39,0.61,6.36,1.61,0.19,0.26,0.07,0.15,0.71,0.18,0.1,0.88,0.85,0.93,15.52,3.92,0.23,0.07,0.13,0.13,2.41,0.61,0.02,0.74,0.31,0.52,4.8,1.21,0.17,0.25,0.82,0.48,0.69,8.09,2.05,0.19,0.75
2022-2023,Al_Gourashi_Al_Riyasa,Al_Gourashi,0.78,0.38,0.62,6.09,1.54,0.18,0.79,0.37,0.63,6.1,1.54,0.19,0.11,0.06,0.32,0.46,0.12,0.09,0.88,0.68,0.94,11.53,2.91,0.22,0.07,0.1,0.1,1.84,0.47,0.02,0.75,0.31,0.55,4.87,1.23,0.17,0.25,0.82,0.45,0.69,7.39,1.87,0.19,0.75
2022-2023,El_Rukun,Tabat,0.78,0.4,0.6,6.35,1.61,0.18,0.78,0.39,0.61,6.41,1.62,0.18,0.2,0.08,0.32,0.77,0.19,0.1,0.87,0.68,0.92,11.85,2.99,0.22,0.06,0.1,0.1,1.87,0.47,0.02,0.75,0.33,0.54,5.07,1.28,0.17,0.25,0.81,0.46,0.67,7.59,1.92,0.19,0.75
2022-2023,Wad_El_Saiyid,Elmessellamia,0.77,0.39,0.61,6.11,1.55,0.18,0.78,0.39,0.61,6.18,1.56,0.18,0,0.05,0.35,0.23,0.06,0.03,0.88,0.65,0.95,11.27,2.85,0.21,0.07,0.1,0.1,1.78,0.45,0.02,0.75,0.33,0.55,4.97,1.26,0.17,0.25,0.81,0.45,0.67,7.31,1.85,0.19,0.75
2022-2023,Al_Firijab,Surhan,0.78,0.4,0.6,6.4,1.62,0.18,0.78,0.38,0.62,6.31,1.6,0.19,0.48,0.1,0.32,1.21,0.31,0.13,0.86,0.68,0.9,11.62,2.94,0.21,0.05,0.1,0.1,1.79,0.45,0.01,0.75,0.34,0.55,5.18,1.31,0.17,0.25,0.8,0.45,0.66,7.42,1.88,0.19,0.75
2022-2023,Tannub,Tabat,0.78,0.41,0.59,6.52,1.65,0.18,0.79,0.41,0.59,6.57,1.66,0.18,0.18,0.08,0.28,0.46,0.12,0.06,0.86,0.72,0.92,11.75,2.97,0.23,0.05,0.09,0.09,1.56,0.39,0.01,0.76,0.35,0.54,5.57,1.41,0.18,0.25,0.81,0.46,0.65,7.46,1.88,0.19,0.75
2022-2023,Tabat_Al_Riyasa,Tabat,0.78,0.43,0.57,6.85,1.73,0.18,0.79,0.43,0.57,6.9,1.74,0.18,0.07,0.08,0.26,0.5,0.13,0.08,0.87,0.74,0.92,12.13,3.07,0.22,0.06,0.09,0.09,1.57,0.4,0.01,0.76,0.37,0.52,5.83,1.47,0.18,0.25,0.81,0.48,0.63,7.91,2,0.19,0.75
2022-2023,Saad_Allah,Elmessellamia,0.77,0.39,0.61,6,1.52,0.17,0.78,0.39,0.61,6.01,1.52,0.18,0.02,0.06,0.27,0.34,0.09,0.07,0.87,0.73,0.94,11.59,2.93,0.21,0.07,0.1,0.1,1.66,0.42,0.01,0.75,0.33,0.55,5.04,1.27,0.17,0.25,0.81,0.45,0.67,7.04,1.78,0.18,0.75
2022-2023,Wad_ElBurr,Wad_ElBurr,0.79,0.43,0.57,6.91,1.75,0.18,0.8,0.44,0.56,7,1.77,0.18,0.32,0.08,0.24,0.85,0.21,0.11,0.86,0.76,0.92,12.25,3.1,0.21,0.05,0.08,0.08,1.46,0.37,0.01,0.77,0.39,0.52,6.21,1.57,0.18,0.25,0.81,0.48,0.61,7.7,1.95,0.19,0.75
2022-2023,Wad_Hilal,Wad_ElBurr,0.76,0.37,0.63,5.72,1.45,0.17,0.78,0.38,0.62,5.89,1.49,0.18,0.29,0.07,0.4,0.74,0.19,0.11,0.85,0.6,0.93,9.74,2.46,0.21,0.06,0.08,0.08,1.54,0.39,0.01,0.74,0.32,0.57,4.74,1.2,0.17,0.25,0.8,0.43,0.68,6.75,1.71,0.18,0.75
2022-2023,Elmessellamia_Al_Riyasa,Elmessellamia,0.79,0.44,0.56,6.88,1.74,0.18,0.8,0.44,0.56,6.98,1.76,0.18,0.41,0.11,0.37,1.11,0.28,0.12,0.87,0.63,0.89,10.42,2.63,0.2,0.04,0.07,0.07,1.29,0.33,0.01,0.77,0.4,0.51,6.18,1.56,0.18,0.25,0.81,0.49,0.6,7.74,1.96,0.19,0.75
2022-2023,Beika,Elmessellamia,0.78,0.41,0.59,6.29,1.59,0.18,0.79,0.41,0.59,6.31,1.6,0.18,0,0.06,0.27,0.14,0.04,0.03,0.87,0.73,0.94,11.57,2.92,0.21,0.06,0.09,0.09,1.57,0.4,0.01,0.77,0.36,0.54,5.43,1.37,0.17,0.25,0.81,0.46,0.64,7.24,1.83,0.18,0.75
2022-2023,Bortobeil,Elbasatna,0.78,0.41,0.59,6.24,1.58,0.18,0.79,0.41,0.59,6.36,1.61,0.18,0.02,0.06,0.3,0.38,0.1,0.06,0.86,0.7,0.94,10.73,2.71,0.21,0.06,0.09,0.09,1.46,0.37,0.01,0.76,0.36,0.54,5.39,1.36,0.17,0.25,0.81,0.46,0.64,7.12,1.8,0.18,0.75
2022-2023,Barakat_Al_Riyasa,Elbasatna,0.78,0.42,0.58,6.33,1.6,0.17,0.8,0.43,0.57,6.5,1.64,0.18,0,0.06,0.29,0.22,0.06,0.04,0.87,0.71,0.94,11.25,2.84,0.2,0.07,0.09,0.09,1.61,0.41,0.01,0.77,0.37,0.52,5.49,1.39,0.17,0.25,0.82,0.48,0.63,7.33,1.85,0.18,0.75
2022-2023,Wad_Figda,Hag Abdalla and North West Sennar,0.78,0.44,0.56,6.55,1.66,0.17,0.79,0.45,0.55,6.65,1.68,0.17,0.18,0.08,0.29,0.75,0.19,0.1,0.86,0.71,0.92,11.04,2.79,0.2,0.06,0.1,0.1,1.58,0.4,0.01,0.76,0.38,0.49,5.61,1.42,0.17,0.25,0.81,0.51,0.62,7.58,1.92,0.18,0.75
2022-2023,Al_Toman,Wad Elnaw,0.78,0.42,0.58,6.17,1.56,0.17,0.79,0.41,0.59,6.15,1.55,0.17,0,0.05,0.3,0.29,0.07,0.06,0.87,0.7,0.95,11.09,2.8,0.21,0.06,0.1,0.1,1.7,0.43,0.01,0.75,0.34,0.51,5.05,1.28,0.17,0.25,0.82,0.49,0.66,7.31,1.85,0.18,0.75
2022-2023,Hag_Abdalla,Hag Abdalla and North West Sennar,0.78,0.43,0.57,6.28,1.59,0.17,0.79,0.43,0.57,6.5,1.64,0.17,0.19,0.08,0.32,0.81,0.2,0.11,0.88,0.68,0.92,10.42,2.63,0.21,0.06,0.1,0.1,1.62,0.41,0.01,0.76,0.37,0.51,5.39,1.36,0.17,0.25,0.82,0.49,0.63,7.39,1.87,0.18,0.75
2022-2023,Wad_Elnaw_Al_Riyasa,Wad Elnaw,0.79,0.45,0.55,6.68,1.69,0.17,0.8,0.45,0.55,6.7,1.69,0.17,0,0.03,0.21,0,0,0,0.89,0.79,0.97,12.48,3.15,0.21,0.05,0.1,0.1,1.72,0.43,0.01,0.78,0.39,0.48,5.63,1.42,0.17,0.25,0.83,0.52,0.61,7.77,1.97,0.18,0.75
2022-2023,Hadad,Hag Abdalla and North West Sennar,0.79,0.45,0.55,6.91,1.75,0.18,0.79,0.45,0.55,6.99,1.77,0.18,0.29,0.1,0.27,0.94,0.24,0.11,0.87,0.73,0.9,12.31,3.11,0.21,0.05,0.09,0.09,1.59,0.4,0.01,0.77,0.4,0.49,6.01,1.52,0.18,0.25,0.81,0.51,0.6,7.91,2,0.18,0.75
2022-2023,Gundal,Hag Abdalla and North West Sennar,0.78,0.44,0.56,6.77,1.71,0.18,0.79,0.45,0.55,6.9,1.74,0.18,0.39,0.13,0.32,1.63,0.41,0.13,0.86,0.68,0.87,10.61,2.68,0.21,0.05,0.09,0.09,1.6,0.4,0.01,0.76,0.39,0.48,5.87,1.48,0.17,0.25,0.81,0.52,0.61,7.93,2,0.18,0.75
2022-2023,Fahal,El_Mukhtar,0.74,0.4,0.6,5.77,1.46,0.17,0.76,0.39,0.61,5.85,1.48,0.17,0.13,0.09,0.29,0.29,0.07,0.03,0.84,0.71,0.91,11.12,2.81,0.2,0.07,0.11,0.11,1.85,0.47,0.02,0.71,0.32,0.52,4.46,1.13,0.16,0.25,0.79,0.48,0.68,7.05,1.78,0.18,0.75
2022-2023,Hamadna_Allah,El_Mukhtar,0.77,0.38,0.62,5.93,1.5,0.18,0.78,0.38,0.62,5.99,1.51,0.18,0.14,0.06,0.28,0.54,0.14,0.1,0.87,0.72,0.94,12.11,3.06,0.21,0.06,0.09,0.09,1.63,0.41,0.01,0.75,0.32,0.56,4.82,1.22,0.17,0.25,0.81,0.44,0.68,7.05,1.78,0.19,0.75
2022-2023,Um_Degina,El_Mukhtar,0.77,0.37,0.63,5.91,1.49,0.18,0.78,0.36,0.64,5.78,1.46,0.18,0.43,0.12,0.28,1.51,0.38,0.12,0.85,0.72,0.88,12.44,3.14,0.21,0.05,0.1,0.1,1.74,0.44,0.01,0.74,0.31,0.56,4.89,1.24,0.17,0.25,0.81,0.44,0.69,6.93,1.75,0.19,0.75
2022-2023,Shaliee_Al_Riyasa,Shaliee,0.78,0.41,0.59,6.4,1.62,0.18,0.79,0.41,0.59,6.54,1.65,0.18,0.03,0.07,0.3,0,0,0,0.89,0.7,0.93,10.73,2.71,0.22,0.06,0.09,0.09,1.51,0.38,0.02,0.77,0.35,0.54,5.59,1.41,0.17,0.25,0.82,0.46,0.65,7.46,1.89,0.19,0.75
2022-2023,Wad_Elzain,Shaliee,0.78,0.38,0.62,5.87,1.48,0.17,0.79,0.38,0.62,5.87,1.48,0.18,0,0.05,0.29,0.25,0.06,0.05,0.87,0.71,0.95,11.72,2.96,0.22,0.06,0.1,0.1,1.81,0.46,0.02,0.76,0.32,0.56,4.56,1.15,0.16,0.25,0.81,0.44,0.68,7.05,1.78,0.18,0.75
2022-2023,Shandi,Shaliee,0.76,0.34,0.66,5.5,1.39,0.18,0.77,0.33,0.67,5.55,1.4,0.18,0.52,0.13,0.48,1.69,0.43,0.13,0.86,0.52,0.87,8.95,2.26,0.23,0.05,0.07,0.07,1.31,0.33,0.02,0.74,0.29,0.62,4.62,1.17,0.17,0.25,0.8,0.38,0.71,6.48,1.64,0.2,0.75
2022-2023,Elhurga_Nuraldin,Elhurga/Nuraldin,0.71,0.15,0.85,1.65,0.42,0.13,0.7,0.14,0.86,1.52,0.38,0.13,0.59,0.1,0.78,0.98,0.25,0.11,0.82,0.22,0.9,2.57,0.65,0.14,0.08,0.05,0.05,0.6,0.15,0.01,0.65,0.11,0.83,1.21,0.31,0.12,0.25,0.76,0.17,0.89,1.96,0.5,0.13,0.75
2022-2023,El_Sharqi_Al_Riyasa,Al Genied,0.77,0.33,0.67,5.36,1.36,0.17,0.8,0.34,0.66,5.38,1.36,0.18,0.02,0.03,0.42,0.18,0.05,0.05,0.89,0.58,0.97,10.23,2.59,0.23,0.1,0.12,0.12,2.24,0.57,0.02,0.75,0.25,0.57,3.61,0.91,0.16,0.25,0.83,0.43,0.75,7.25,1.83,0.19,0.75
2022-2023,El_Ariga,EL_Mansi,0.76,0.38,0.62,6.18,1.56,0.18,0.77,0.38,0.62,6.17,1.56,0.18,0.28,0.1,0.38,1.2,0.3,0.12,0.87,0.62,0.9,11.06,2.79,0.21,0.06,0.09,0.09,1.73,0.44,0.01,0.73,0.33,0.56,4.98,1.26,0.17,0.25,0.8,0.44,0.67,7.34,1.86,0.19,0.75
2022-2023,Shakir,EL_Mansi,0.76,0.36,0.64,6.05,1.53,0.18,0.77,0.36,0.64,6.05,1.53,0.19,0.03,0.05,0.3,0.31,0.08,0.06,0.86,0.7,0.95,11.96,3.02,0.24,0.08,0.1,0.1,1.99,0.5,0.02,0.74,0.29,0.57,4.69,1.18,0.18,0.25,0.8,0.43,0.71,7.46,1.89,0.2,0.75
2022-2023,EL_Nala,El_Tahameed,0.78,0.35,0.65,6.48,1.64,0.2,0.79,0.36,0.64,6.55,1.66,0.2,0,0.05,0.38,0.08,0.02,0.02,0.88,0.62,0.95,11.71,2.96,0.26,0.07,0.09,0.09,1.98,0.5,0.02,0.76,0.29,0.58,5.09,1.29,0.19,0.25,0.82,0.42,0.71,7.93,2,0.21,0.75
2022-2023,EL_Mansi_Al_Riyasa,EL_Mansi,0.77,0.39,0.61,6.61,1.67,0.19,0.78,0.39,0.61,6.6,1.67,0.19,0,0.04,0.35,0.24,0.06,0.03,0.87,0.65,0.96,11.62,2.94,0.23,0.07,0.1,0.1,1.84,0.47,0.02,0.75,0.33,0.54,5.42,1.37,0.18,0.25,0.81,0.46,0.67,7.88,1.99,0.2,0.75
2022-2023,El_Tahameed_Al_Riyasa,El_Tahameed,0.79,0.38,0.62,6.65,1.68,0.19,0.8,0.38,0.62,6.72,1.7,0.2,0.13,0.06,0.39,0.52,0.13,0.1,0.86,0.61,0.94,11.15,2.82,0.23,0.05,0.08,0.08,1.66,0.42,0.01,0.77,0.32,0.57,5.54,1.4,0.18,0.25,0.82,0.43,0.68,7.82,1.98,0.2,0.75
2022-2023,Tku,El_Tahameed,0.78,0.35,0.65,5.96,1.51,0.19,0.79,0.35,0.65,5.97,1.51,0.19,0.19,0.03,0.3,0.46,0.12,0.11,0.88,0.7,0.97,12.8,3.24,0.24,0.06,0.09,0.09,1.78,0.45,0.01,0.76,0.29,0.59,4.88,1.23,0.18,0.25,0.81,0.41,0.71,7.12,1.8,0.2,0.75
2022-2023,Al_Tarfa,Elfakhakhir,0.77,0.39,0.61,6.78,1.71,0.19,0.78,0.39,0.61,6.78,1.71,0.19,0.12,0.07,0.27,0.64,0.16,0.05,0.88,0.73,0.93,13.49,3.41,0.23,0.05,0.11,0.11,2.09,0.53,0.01,0.75,0.32,0.54,5.37,1.36,0.18,0.25,0.8,0.46,0.68,8.15,2.06,0.2,0.75
2022-2023,Al_Taayif,Elfakhakhir,0.77,0.4,0.6,6.36,1.61,0.18,0.78,0.39,0.61,6.36,1.61,0.18,0.06,0.06,0.3,0.31,0.08,0.04,0.87,0.7,0.94,11.74,2.97,0.22,0.07,0.1,0.1,1.88,0.48,0.02,0.75,0.33,0.53,5.18,1.31,0.17,0.25,0.81,0.47,0.67,7.59,1.92,0.19,0.75
2022-2023,Al_Krimit,Elfakhakhir,0.78,0.4,0.6,6.39,1.62,0.18,0.79,0.39,0.61,6.5,1.64,0.18,0,0.07,0.32,0,0,0,0.87,0.68,0.93,10.64,2.69,0.22,0.06,0.08,0.08,1.49,0.38,0.02,0.76,0.35,0.56,5.47,1.38,0.17,0.25,0.81,0.44,0.65,7.29,1.84,0.19,0.75
2022-2023,Hegeliga,Elhafair,0.77,0.41,0.59,6.42,1.62,0.18,0.77,0.39,0.61,6.19,1.56,0.18,0.51,0.12,0.25,1.66,0.42,0.1,0.86,0.75,0.88,12.86,3.25,0.21,0.05,0.11,0.11,1.74,0.44,0.02,0.75,0.33,0.53,5.27,1.33,0.18,0.25,0.8,0.47,0.67,7.41,1.87,0.19,0.75
2022-2023,Elfakhakhir_Al_Riyasa,Elfakhakhir,0.76,0.38,0.62,6.31,1.59,0.18,0.77,0.37,0.63,6.18,1.56,0.19,0,0.06,0.21,0.37,0.09,0.07,0.87,0.79,0.94,13.85,3.5,0.22,0.07,0.12,0.12,2.05,0.52,0.02,0.74,0.31,0.56,5.07,1.28,0.18,0.25,0.8,0.44,0.69,7.39,1.87,0.19,0.75
2022-2023,Matouri_Al_Riyasa,Matouri,0.77,0.4,0.6,6.82,1.72,0.19,0.78,0.39,0.61,6.65,1.68,0.19,0.17,0.06,0.23,0.51,0.13,0.1,0.88,0.77,0.94,13.99,3.54,0.23,0.06,0.14,0.14,2.55,0.64,0.02,0.75,0.3,0.5,4.93,1.25,0.18,0.25,0.8,0.5,0.7,8.56,2.16,0.2,0.75
2022-2023,El_Zafir,Elhafair,0.76,0.38,0.62,6.23,1.58,0.18,0.77,0.35,0.65,6.04,1.53,0.19,0,0.05,0.18,0.22,0.06,0.05,0.87,0.82,0.95,15.53,3.92,0.23,0.08,0.14,0.14,2.39,0.6,0.02,0.74,0.29,0.56,4.72,1.19,0.18,0.25,0.8,0.44,0.71,7.59,1.92,0.2,0.75
2022-2023,Elhafair_Al_Riyasa,Elhafair,0.76,0.29,0.71,5.15,1.3,0.19,0.78,0.29,0.71,5.08,1.29,0.19,0.42,0.07,0.31,1.04,0.26,0.13,0.88,0.69,0.93,12.95,3.27,0.24,0.08,0.12,0.12,2.25,0.57,0.02,0.72,0.2,0.63,3.42,0.86,0.18,0.25,0.81,0.37,0.8,6.59,1.67,0.2,0.75
2022-2023,Um_Suneita,Matouri,0.75,0.28,0.72,4.59,1.16,0.18,0.78,0.28,0.72,4.76,1.2,0.18,0.17,0.05,0.41,0.48,0.12,0.1,0.87,0.59,0.95,10.09,2.55,0.22,0.12,0.11,0.11,2.03,0.51,0.02,0.73,0.21,0.65,3.2,0.81,0.17,0.25,0.81,0.35,0.79,5.64,1.42,0.19,0.75
2022-2023,Disheinat,Matouri,0.78,0.39,0.61,6.11,1.54,0.18,0.79,0.37,0.63,5.94,1.5,0.18,0.19,0.06,0.22,0.56,0.14,0.1,0.86,0.78,0.94,13.19,3.33,0.21,0.06,0.13,0.13,2.2,0.56,0.02,0.75,0.3,0.56,4.64,1.17,0.17,0.25,0.82,0.44,0.7,7.08,1.79,0.19,0.75
2022-2023,Um_Gargor,Elshawal,0.79,0.41,0.59,6.6,1.67,0.18,0.8,0.4,0.6,6.64,1.68,0.19,0.46,0.08,0.21,0.91,0.23,0.13,0.88,0.79,0.92,12.39,3.13,0.23,0.04,0.08,0.08,1.46,0.37,0.01,0.78,0.36,0.54,5.75,1.45,0.18,0.25,0.82,0.46,0.64,7.55,1.91,0.19,0.75
2022-2023,Al_Gamosi,Gabouga,0.75,0.32,0.68,5.07,1.28,0.18,0.77,0.32,0.68,5.16,1.3,0.18,0.21,0.07,0.39,0.59,0.15,0.08,0.86,0.61,0.93,10.03,2.53,0.21,0.07,0.07,0.07,1.41,0.36,0.02,0.74,0.28,0.63,4.29,1.09,0.17,0.25,0.79,0.37,0.72,6.05,1.53,0.19,0.75
2022-2023,Gabouga,Gabouga,0.77,0.34,0.66,5.32,1.34,0.18,0.79,0.34,0.66,5.4,1.36,0.18,0.25,0.07,0.47,0.59,0.15,0.1,0.86,0.53,0.93,8.38,2.12,0.21,0.06,0.08,0.08,1.5,0.38,0.01,0.75,0.28,0.6,4.38,1.11,0.17,0.25,0.81,0.4,0.72,6.38,1.61,0.19,0.75
2022-2023,Elshawal_Al_Riyasa,Elshawal,0.78,0.36,0.64,5.86,1.48,0.18,0.79,0.37,0.63,6,1.52,0.19,0.47,0.09,0.38,1.11,0.28,0.13,0.87,0.62,0.91,10.3,2.6,0.21,0.05,0.08,0.08,1.46,0.37,0.01,0.76,0.31,0.59,4.99,1.26,0.18,0.25,0.81,0.41,0.69,6.83,1.73,0.19,0.75
2022-2023,El_waha,Elshawal,0.79,0.37,0.63,5.84,1.48,0.18,0.8,0.38,0.62,5.96,1.51,0.18,0.41,0.05,0.35,0.56,0.14,0.09,0.86,0.65,0.95,11.1,2.8,0.21,0.04,0.08,0.08,1.37,0.35,0.01,0.77,0.33,0.58,5.11,1.29,0.17,0.25,0.82,0.42,0.67,6.75,1.71,0.18,0.75
2022-2023,Ranjouk,Gabouga,0.78,0.37,0.63,5.7,1.44,0.17,0.79,0.38,0.62,5.83,1.47,0.18,0.2,0.07,0.43,0.59,0.15,0.1,0.85,0.57,0.93,9.09,2.3,0.2,0.06,0.09,0.09,1.49,0.38,0.01,0.76,0.32,0.56,4.8,1.21,0.17,0.25,0.82,0.44,0.68,6.81,1.72,0.18,0.75
2023-2024,57,Wad Elnaw,0.79,0.36,0.64,4.57,1.15,0.15,0.8,0.36,0.64,4.75,1.2,0.15,0.18,0.05,0.28,0.25,0.06,0.04,0.87,0.72,0.95,8.8,2.22,0.21,0.07,0.09,0.09,1.32,0.33,0.02,0.77,0.31,0.59,3.79,0.96,0.14,0.25,0.82,0.41,0.69,5.5,1.39,0.16,0.75
2023-2024,88,Elbasatna,0.8,0.38,0.62,5.21,1.32,0.16,0.81,0.38,0.62,5.29,1.34,0.16,0,0.05,0.3,0.15,0.04,0.04,0.87,0.7,0.95,9.24,2.34,0.21,0.06,0.08,0.08,1.34,0.34,0.02,0.79,0.33,0.58,4.44,1.12,0.15,0.25,0.83,0.42,0.67,6.1,1.54,0.17,0.75
2023-2024,Abdah_Fadul,Tabat,0.78,0.34,0.66,5.04,1.27,0.17,0.79,0.35,0.65,5.35,1.35,0.17,0,0.05,0.45,0.25,0.06,0.06,0.87,0.55,0.95,7.95,2.01,0.25,0.08,0.09,0.09,1.51,0.38,0.02,0.76,0.29,0.59,4.11,1.04,0.15,0.25,0.82,0.41,0.71,6.2,1.57,0.18,0.75
2023-2024,Abu_Gin,Kab_Elgidad,0.77,0.29,0.71,4.83,1.22,0.18,0.78,0.29,0.71,4.73,1.2,0.18,0,0.04,0.19,0.14,0.04,0.04,0.88,0.81,0.96,12.93,3.27,0.3,0.06,0.09,0.09,1.88,0.48,0.04,0.75,0.24,0.67,3.47,0.88,0.16,0.25,0.81,0.33,0.76,6.02,1.52,0.2,0.75
2023-2024,Abu_Hawa,Elhafair,0.76,0.32,0.68,4.81,1.22,0.17,0.77,0.3,0.7,4.6,1.16,0.16,0.32,0.06,0.29,0.68,0.17,0.08,0.85,0.71,0.94,9.9,2.5,0.24,0.06,0.13,0.13,2,0.51,0.03,0.74,0.24,0.64,3.26,0.82,0.15,0.25,0.8,0.36,0.76,5.97,1.51,0.18,0.75
2023-2024,Abu_Quta,Abd_ElMagid,0.77,0.25,0.75,4.12,1.04,0.18,0.79,0.26,0.74,4.08,1.03,0.18,0.02,0.02,0.56,0.23,0.06,0.09,0.9,0.44,0.98,8.68,2.19,0.26,0.08,0.08,0.08,1.7,0.43,0.04,0.75,0.2,0.7,2.81,0.71,0.15,0.25,0.81,0.3,0.8,5.34,1.35,0.21,0.75
2023-2024,Abu_Usher,Al_Gourashi,0.78,0.35,0.65,5.45,1.38,0.18,0.79,0.34,0.66,5.5,1.39,0.18,0,0.04,0.27,0.07,0.02,0.02,0.87,0.73,0.96,10.17,2.57,0.26,0.07,0.1,0.1,1.79,0.45,0.03,0.76,0.28,0.6,4.2,1.06,0.16,0.25,0.82,0.4,0.72,6.77,1.71,0.19,0.75
2023-2024,Affan,Matouri,0.77,0.35,0.65,4.86,1.23,0.16,0.78,0.34,0.66,4.92,1.24,0.16,0.22,0.07,0.33,0.48,0.12,0.08,0.88,0.67,0.93,9.49,2.4,0.24,0.07,0.1,0.1,1.72,0.43,0.03,0.75,0.28,0.6,3.62,0.92,0.14,0.25,0.81,0.4,0.72,5.97,1.51,0.17,0.75
2023-2024,Al_Awamrah,Abd_ElMagid,0.8,0.27,0.73,4.84,1.22,0.19,0.81,0.28,0.72,5.09,1.29,0.2,0.32,0.04,0.5,0.47,0.12,0.08,0.9,0.5,0.96,9.76,2.47,0.28,0.06,0.08,0.08,1.88,0.47,0.03,0.78,0.21,0.67,3.35,0.85,0.17,0.25,0.84,0.33,0.79,6.22,1.57,0.21,0.75
2023-2024,Al_Saadana,Turabi,0.78,0.35,0.65,5.47,1.38,0.17,0.79,0.35,0.65,5.56,1.41,0.18,0.04,0.04,0.27,0.06,0.01,0.01,0.87,0.73,0.96,10.32,2.61,0.29,0.06,0.09,0.09,1.7,0.43,0.03,0.76,0.29,0.59,4.24,1.07,0.16,0.25,0.82,0.41,0.71,6.75,1.71,0.19,0.75
2023-2024,Umm_Juha,Turabi,0.76,0.27,0.73,4.32,1.09,0.17,0.78,0.27,0.73,4.16,1.05,0.17,0.24,0.02,0.35,0.3,0.07,0.08,0.9,0.65,0.98,10.17,2.57,0.28,0.08,0.1,0.1,1.84,0.47,0.03,0.74,0.2,0.68,3.08,0.78,0.15,0.25,0.81,0.32,0.8,5.43,1.37,0.19,0.75
2023-2024,Turabi_Al_Riyasa,Turabi,0.77,0.31,0.69,4.93,1.25,0.17,0.78,0.31,0.69,4.84,1.22,0.17,0,0.04,0.4,0.01,0,0,0.89,0.6,0.96,9.82,2.48,0.29,0.08,0.08,0.08,1.71,0.43,0.03,0.75,0.26,0.64,3.67,0.93,0.15,0.25,0.81,0.36,0.74,6.15,1.55,0.2,0.75
2023-2024,Wad_Bala,Turabi,0.78,0.31,0.69,4.7,1.19,0.17,0.79,0.3,0.7,4.64,1.17,0.17,0.01,0.03,0.37,0.13,0.03,0.03,0.88,0.63,0.97,9.59,2.43,0.27,0.07,0.09,0.09,1.62,0.41,0.03,0.75,0.25,0.64,3.56,0.9,0.15,0.25,0.82,0.36,0.75,5.75,1.45,0.19,0.75
2023-2024,Fargin,Kab_Elgidad,0.77,0.26,0.74,4.32,1.09,0.18,0.79,0.26,0.74,4.24,1.07,0.18,0.22,0.04,0.55,0.39,0.1,0.09,0.87,0.45,0.96,9.28,2.35,0.3,0.06,0.07,0.07,1.67,0.42,0.04,0.76,0.21,0.69,3.16,0.8,0.16,0.25,0.81,0.31,0.79,5.45,1.38,0.21,0.75
2023-2024,Abd_ElMagid_Al_Riyasa,Abd_ElMagid,0.77,0.33,0.67,5.08,1.29,0.17,0.78,0.31,0.69,4.92,1.24,0.18,0.39,0.05,0.27,0.25,0.06,0.06,0.86,0.73,0.95,11.14,2.82,0.24,0.07,0.13,0.13,2.34,0.59,0.03,0.74,0.23,0.6,3.22,0.81,0.15,0.25,0.81,0.4,0.77,6.73,1.7,0.19,0.75
2023-2024,Fawar,Tabat,0.74,0.29,0.71,4.4,1.11,0.16,0.76,0.3,0.7,4.25,1.07,0.16,0.05,0.04,0.45,0.25,0.06,0.07,0.87,0.55,0.96,9.55,2.41,0.29,0.1,0.1,0.1,2.02,0.51,0.04,0.73,0.23,0.64,2.87,0.73,0.14,0.25,0.8,0.36,0.77,5.8,1.47,0.19,0.75
2023-2024,Abd_Elmagid,Surhan,0.78,0.3,0.7,4.64,1.17,0.17,0.79,0.3,0.7,4.47,1.13,0.17,0.42,0.05,0.47,0.5,0.13,0.09,0.87,0.53,0.95,8.62,2.18,0.27,0.06,0.1,0.1,1.87,0.47,0.03,0.76,0.23,0.63,3.32,0.84,0.15,0.25,0.82,0.37,0.77,5.98,1.51,0.19,0.75
2023-2024,Surhan_Al_Riyasa,Surhan,0.77,0.32,0.68,4.64,1.17,0.16,0.78,0.31,0.69,4.46,1.13,0.16,0.02,0.05,0.39,0.28,0.07,0.06,0.87,0.61,0.95,10.4,2.63,0.26,0.07,0.09,0.09,1.74,0.44,0.03,0.74,0.26,0.63,3.37,0.85,0.14,0.25,0.81,0.37,0.74,5.91,1.49,0.18,0.75
2023-2024,Istarhna,Al_Gourashi,0.76,0.29,0.71,4.07,1.03,0.16,0.77,0.29,0.71,4.09,1.03,0.16,0.19,0.06,0.5,0.33,0.08,0.06,0.87,0.5,0.94,7.44,1.88,0.23,0.06,0.07,0.07,1.25,0.32,0.02,0.74,0.24,0.65,3.14,0.79,0.14,0.25,0.8,0.35,0.76,4.93,1.25,0.17,0.75
2023-2024,Al_Gourashi_Al_Riyasa,Al_Gourashi,0.78,0.33,0.67,4.82,1.22,0.16,0.8,0.34,0.66,4.9,1.24,0.16,0.09,0.05,0.27,0,0,0,0.88,0.73,0.95,9.02,2.28,0.24,0.07,0.08,0.08,1.57,0.4,0.03,0.76,0.29,0.61,3.74,0.95,0.14,0.25,0.82,0.39,0.71,5.97,1.51,0.18,0.75
2023-2024,El_Rukun,Tabat,0.78,0.33,0.67,4.84,1.22,0.16,0.79,0.34,0.66,4.99,1.26,0.17,0.25,0.06,0.46,0.55,0.14,0.07,0.88,0.54,0.94,8.41,2.13,0.23,0.06,0.08,0.08,1.58,0.4,0.03,0.76,0.27,0.61,3.68,0.93,0.14,0.25,0.81,0.39,0.73,6.04,1.53,0.18,0.75
2023-2024,Wad_El_Saiyid,Elmessellamia,0.77,0.32,0.68,4.63,1.17,0.16,0.79,0.33,0.67,4.63,1.17,0.16,0.1,0.05,0.49,0.4,0.1,0.08,0.87,0.51,0.95,8.29,2.1,0.22,0.06,0.07,0.07,1.43,0.36,0.03,0.76,0.28,0.62,3.61,0.91,0.14,0.25,0.81,0.38,0.72,5.63,1.42,0.18,0.75
2023-2024,Al_Firijab,Surhan,0.78,0.33,0.67,4.68,1.18,0.16,0.79,0.34,0.66,4.74,1.2,0.16,0.35,0.08,0.48,0.78,0.2,0.1,0.86,0.52,0.92,7.53,1.9,0.22,0.06,0.07,0.07,1.28,0.32,0.02,0.76,0.29,0.63,3.83,0.97,0.14,0.25,0.81,0.37,0.71,5.59,1.41,0.17,0.75
2023-2024,Tannub,Tabat,0.79,0.39,0.61,5.92,1.5,0.17,0.8,0.4,0.6,6.11,1.54,0.17,0.13,0.06,0.3,0.44,0.11,0.09,0.87,0.7,0.94,9.78,2.47,0.23,0.05,0.09,0.09,1.52,0.38,0.02,0.78,0.35,0.56,5.1,1.29,0.16,0.25,0.82,0.44,0.65,6.93,1.75,0.18,0.75
2023-2024,Tabat_Al_Riyasa,Tabat,0.79,0.37,0.63,5.56,1.4,0.17,0.8,0.38,0.62,5.69,1.44,0.17,0.06,0.06,0.25,0.33,0.08,0.07,0.87,0.75,0.94,10.29,2.6,0.24,0.06,0.08,0.08,1.35,0.34,0.02,0.77,0.33,0.58,4.75,1.2,0.16,0.25,0.82,0.42,0.67,6.53,1.65,0.18,0.75
2023-2024,Saad_Allah,Elmessellamia,0.78,0.37,0.63,5.31,1.34,0.16,0.79,0.37,0.63,5.37,1.36,0.16,0.13,0.07,0.29,0.46,0.12,0.08,0.87,0.71,0.93,9.33,2.36,0.23,0.06,0.1,0.1,1.62,0.41,0.02,0.76,0.31,0.58,4.27,1.08,0.15,0.25,0.81,0.42,0.69,6.4,1.62,0.18,0.75
2023-2024,Wad_ElBurr,Wad_ElBurr,0.79,0.4,0.6,5.95,1.5,0.17,0.8,0.4,0.6,6.1,1.54,0.17,0.08,0.06,0.27,0.38,0.1,0.07,0.87,0.73,0.94,9.55,2.41,0.24,0.05,0.08,0.08,1.36,0.34,0.02,0.78,0.36,0.56,5.29,1.34,0.16,0.25,0.82,0.44,0.64,6.78,1.71,0.18,0.75
2023-2024,Wad_Hilal,Wad_ElBurr,0.77,0.32,0.68,4.49,1.14,0.16,0.78,0.32,0.68,4.62,1.17,0.16,0.2,0.06,0.5,0.39,0.1,0.08,0.85,0.5,0.94,7.09,1.79,0.23,0.07,0.09,0.09,1.35,0.34,0.02,0.76,0.27,0.62,3.58,0.9,0.15,0.25,0.81,0.38,0.73,5.48,1.38,0.17,0.75
2023-2024,Elmessellamia_Al_Riyasa,Elmessellamia,0.79,0.38,0.62,5.43,1.37,0.16,0.8,0.39,0.61,5.57,1.41,0.17,0.46,0.1,0.41,0.88,0.22,0.1,0.85,0.59,0.9,8.45,2.13,0.22,0.04,0.06,0.06,1.18,0.3,0.02,0.77,0.35,0.58,4.74,1.2,0.15,0.25,0.81,0.42,0.65,6.28,1.59,0.18,0.75
2023-2024,Beika,Elmessellamia,0.78,0.36,0.64,5.18,1.31,0.16,0.79,0.37,0.63,5.32,1.34,0.17,0,0.06,0.36,0.19,0.05,0.04,0.87,0.64,0.94,9.85,2.49,0.22,0.07,0.09,0.09,1.54,0.39,0.02,0.77,0.31,0.58,4.22,1.07,0.15,0.25,0.82,0.42,0.69,6.24,1.58,0.18,0.75
2023-2024,Bortobeil,Elbasatna,0.79,0.38,0.62,5.53,1.4,0.17,0.8,0.39,0.61,5.72,1.45,0.17,0.12,0.07,0.3,0.39,0.1,0.07,0.86,0.7,0.93,9.03,2.28,0.22,0.06,0.08,0.08,1.27,0.32,0.02,0.78,0.35,0.58,4.93,1.25,0.16,0.25,0.82,0.42,0.65,6.31,1.59,0.18,0.75
2023-2024,Barakat_Al_Riyasa,Elbasatna,0.8,0.38,0.62,5.35,1.35,0.16,0.81,0.39,0.61,5.54,1.4,0.16,0.12,0.05,0.44,0.37,0.09,0.08,0.87,0.56,0.95,8.62,2.18,0.21,0.06,0.09,0.09,1.44,0.36,0.02,0.78,0.33,0.55,4.5,1.14,0.15,0.25,0.83,0.45,0.67,6.48,1.64,0.17,0.75
2023-2024,Wad_Figda,Hag Abdalla and North West Sennar,0.78,0.38,0.62,4.7,1.19,0.15,0.8,0.38,0.62,4.9,1.24,0.15,0,0.05,0.42,0.16,0.04,0.04,0.86,0.58,0.95,7.41,1.87,0.19,0.07,0.09,0.09,1.32,0.33,0.02,0.77,0.32,0.56,3.84,0.97,0.14,0.25,0.82,0.44,0.68,5.73,1.45,0.16,0.75
2023-2024,Al_Toman,Wad Elnaw,0.78,0.34,0.66,4.45,1.12,0.16,0.79,0.34,0.66,4.65,1.17,0.16,0,0.04,0.38,0.15,0.04,0.05,0.86,0.62,0.96,7.62,1.93,0.22,0.07,0.09,0.09,1.33,0.34,0.02,0.76,0.29,0.61,3.58,0.9,0.14,0.25,0.81,0.39,0.71,5.4,1.37,0.17,0.75
2023-2024,Hag_Abdalla,Hag Abdalla and North West Sennar,0.8,0.34,0.66,4.47,1.13,0.15,0.81,0.35,0.65,4.69,1.19,0.16,0.05,0.04,0.5,0.26,0.07,0.06,0.87,0.5,0.96,7.18,1.81,0.2,0.06,0.07,0.07,1.19,0.3,0.02,0.78,0.3,0.61,3.71,0.94,0.14,0.25,0.83,0.39,0.7,5.36,1.35,0.17,0.75
2023-2024,Wad_Elnaw_Al_Riyasa,Wad Elnaw,0.8,0.37,0.63,4.93,1.25,0.15,0.81,0.37,0.63,5.04,1.27,0.16,0.1,0.04,0.26,0.23,0.06,0.06,0.87,0.74,0.96,9.72,2.46,0.22,0.05,0.09,0.09,1.39,0.35,0.02,0.79,0.32,0.58,4.03,1.02,0.14,0.25,0.83,0.42,0.68,5.88,1.49,0.17,0.75
2023-2024,Hadad,Hag Abdalla and North West Sennar,0.8,0.38,0.62,4.72,1.19,0.15,0.8,0.39,0.61,4.93,1.25,0.15,0.09,0.05,0.35,0.29,0.07,0.07,0.86,0.65,0.95,7.64,1.93,0.19,0.05,0.07,0.07,1.11,0.28,0.02,0.78,0.34,0.57,4.08,1.03,0.14,0.25,0.82,0.43,0.66,5.52,1.4,0.16,0.75
2023-2024,Gundal,Hag Abdalla and North West Sennar,0.79,0.35,0.65,4.2,1.06,0.14,0.8,0.35,0.65,4.34,1.1,0.14,0.29,0.07,0.43,0.49,0.12,0.08,0.86,0.57,0.93,6.93,1.75,0.18,0.06,0.09,0.09,1.27,0.32,0.02,0.77,0.3,0.58,3.36,0.85,0.13,0.25,0.82,0.42,0.7,5.25,1.33,0.15,0.75
2023-2024,Fahal,El_Mukhtar,0.78,0.37,0.63,4.68,1.18,0.15,0.79,0.36,0.64,4.74,1.2,0.15,0.14,0.06,0.29,0.35,0.09,0.08,0.86,0.71,0.94,9.03,2.28,0.23,0.06,0.13,0.13,1.73,0.44,0.02,0.76,0.28,0.56,3.45,0.87,0.14,0.25,0.81,0.44,0.72,5.74,1.45,0.16,0.75
2023-2024,Hamadna_Allah,El_Mukhtar,0.77,0.31,0.69,4.16,1.05,0.15,0.78,0.31,0.69,4.27,1.08,0.16,0.03,0.05,0.42,0.12,0.03,0.03,0.86,0.58,0.95,7.79,1.97,0.24,0.07,0.08,0.08,1.44,0.36,0.03,0.75,0.26,0.63,3.02,0.76,0.13,0.25,0.81,0.37,0.74,5.23,1.32,0.17,0.75
2023-2024,Um_Degina,El_Mukhtar,0.77,0.36,0.64,4.92,1.24,0.15,0.78,0.33,0.67,4.73,1.2,0.16,0.15,0.05,0.29,0.37,0.09,0.08,0.88,0.71,0.95,9.65,2.44,0.24,0.06,0.13,0.13,1.96,0.5,0.02,0.75,0.28,0.58,3.52,0.89,0.14,0.25,0.81,0.42,0.72,6.09,1.54,0.17,0.75
2023-2024,Shaliee_Al_Riyasa,Shaliee,0.79,0.37,0.63,5.25,1.33,0.16,0.8,0.37,0.63,5.43,1.37,0.16,0.16,0.07,0.3,0,0,0,0.86,0.7,0.93,10.02,2.53,0.26,0.06,0.08,0.08,1.46,0.37,0.02,0.78,0.32,0.58,4.31,1.09,0.15,0.25,0.82,0.42,0.68,6.3,1.59,0.17,0.75
2023-2024,Wad_Elzain,Shaliee,0.78,0.35,0.65,4.8,1.21,0.15,0.79,0.34,0.66,4.77,1.2,0.16,0.09,0.05,0.34,0.34,0.09,0.07,0.87,0.66,0.95,9.42,2.38,0.24,0.06,0.09,0.09,1.69,0.43,0.03,0.76,0.29,0.6,3.55,0.9,0.14,0.25,0.82,0.4,0.71,6.07,1.54,0.17,0.75
2023-2024,Shandi,Shaliee,0.76,0.29,0.71,4.18,1.06,0.16,0.77,0.29,0.71,4.07,1.03,0.16,0.2,0.04,0.53,0.36,0.09,0.09,0.85,0.47,0.96,8.65,2.19,0.27,0.07,0.07,0.07,1.54,0.39,0.04,0.75,0.25,0.67,2.96,0.75,0.13,0.25,0.8,0.33,0.75,5.25,1.33,0.18,0.75
2023-2024,Elhurga_Nuraldin,Elhurga/Nuraldin,,,,,,,,,,,,,,,,,,,,,,,,,,,,,,,,,,,,,0.25,,,,,,,0.75
2023-2024,El_Sharqi_Al_Riyasa,Al Genied,0.76,0.25,0.75,3.61,0.91,0.16,0.77,0.25,0.75,3.47,0.88,0.16,0.15,0.03,0.54,0.27,0.07,0.09,0.9,0.46,0.97,7.86,1.99,0.24,0.08,0.08,0.08,1.48,0.37,0.03,0.74,0.2,0.71,2.55,0.65,0.14,0.25,0.8,0.29,0.8,4.55,1.15,0.18,0.75
2023-2024,El_Ariga,EL_Mansi,0.76,0.32,0.68,4.28,1.08,0.15,0.77,0.32,0.68,4.16,1.05,0.15,0.35,0.09,0.48,0.83,0.21,0.09,0.85,0.52,0.91,8.83,2.23,0.25,0.06,0.07,0.07,1.44,0.37,0.03,0.73,0.27,0.63,3.22,0.81,0.13,0.25,0.8,0.37,0.73,5.28,1.33,0.16,0.75
2023-2024,Shakir,EL_Mansi,0.76,0.31,0.69,4.49,1.13,0.16,0.78,0.29,0.71,4.35,1.1,0.16,0.25,0.05,0.31,0.44,0.11,0.09,0.86,0.69,0.95,10.33,2.61,0.28,0.07,0.1,0.1,1.88,0.48,0.03,0.74,0.24,0.63,3.11,0.79,0.14,0.25,0.81,0.37,0.76,5.84,1.48,0.18,0.75
2023-2024,EL_Nala,El_Tahameed,0.76,0.28,0.72,4.41,1.12,0.17,0.78,0.29,0.71,4.33,1.09,0.17,0,0.04,0.49,0.01,0,0,0.87,0.51,0.96,8.88,2.24,0.26,0.09,0.09,0.09,1.8,0.46,0.03,0.75,0.23,0.66,3.04,0.77,0.15,0.25,0.8,0.34,0.77,5.69,1.44,0.19,0.75
2023-2024,EL_Mansi_Al_Riyasa,EL_Mansi,0.78,0.34,0.66,4.76,1.2,0.16,0.79,0.34,0.66,4.84,1.22,0.16,0,0.04,0.41,0.2,0.05,0.04,0.86,0.59,0.96,8.66,2.19,0.26,0.07,0.08,0.08,1.53,0.39,0.03,0.76,0.29,0.61,3.81,0.96,0.14,0.25,0.81,0.39,0.71,5.88,1.49,0.17,0.75
2023-2024,El_Tahameed_Al_Riyasa,El_Tahameed,0.78,0.33,0.67,4.99,1.26,0.17,0.79,0.32,0.68,4.88,1.23,0.17,0.12,0.05,0.35,0.37,0.09,0.08,0.87,0.65,0.95,10.61,2.68,0.28,0.05,0.09,0.09,1.85,0.47,0.03,0.76,0.26,0.63,3.55,0.9,0.15,0.25,0.81,0.37,0.74,6.19,1.57,0.18,0.75
2023-2024,Tku,El_Tahameed,0.77,0.31,0.69,4.52,1.14,0.16,0.78,0.3,0.7,4.28,1.08,0.16,0.05,0.01,0.25,0.21,0.05,0.08,0.88,0.75,0.99,11.65,2.94,0.29,0.07,0.11,0.11,1.84,0.46,0.03,0.75,0.25,0.63,3.2,0.81,0.14,0.25,0.81,0.37,0.75,5.64,1.43,0.17,0.75
2023-2024,Al_Tarfa,Elfakhakhir,0.77,0.41,0.59,6.15,1.55,0.16,0.78,0.38,0.62,5.91,1.49,0.17,0,0.04,0.26,0,0,0,0.86,0.74,0.96,11.15,2.82,0.27,0.07,0.15,0.15,2.51,0.64,0.03,0.75,0.29,0.44,3.98,1.01,0.15,0.25,0.8,0.56,0.71,8.52,2.15,0.18,0.75
2023-2024,Al_Taayif,Elfakhakhir,0.77,0.35,0.65,4.74,1.2,0.15,0.78,0.34,0.66,4.74,1.2,0.15,0,0.06,0.28,0.01,0,0,0.87,0.72,0.94,10.75,2.72,0.26,0.06,0.1,0.1,1.62,0.41,0.03,0.75,0.29,0.6,3.59,0.91,0.13,0.25,0.81,0.4,0.71,5.74,1.45,0.17,0.75
2023-2024,Al_Krimit,Elfakhakhir,0.78,0.36,0.64,5.03,1.27,0.16,0.8,0.36,0.64,5.06,1.28,0.16,0.11,0.06,0.32,0.43,0.11,0.08,0.88,0.68,0.94,9.12,2.31,0.26,0.07,0.08,0.08,1.62,0.41,0.03,0.77,0.31,0.59,3.93,0.99,0.14,0.25,0.82,0.41,0.69,6.2,1.57,0.17,0.75
2023-2024,Hegeliga,Elhafair,0.77,0.38,0.62,5.08,1.28,0.15,0.78,0.33,0.67,4.82,1.22,0.15,0.52,0.11,0.23,1.25,0.32,0.08,0.86,0.77,0.89,11.61,2.93,0.23,0.05,0.16,0.16,2.18,0.55,0.03,0.75,0.26,0.5,3.39,0.86,0.13,0.25,0.81,0.5,0.74,6.64,1.68,0.17,0.75
2023-2024,Elfakhakhir_Al_Riyasa,Elfakhakhir,0.77,0.39,0.61,5.36,1.36,0.16,0.78,0.33,0.67,5.12,1.29,0.16,0.03,0.05,0.1,0.19,0.05,0.04,0.86,0.9,0.95,12.39,3.13,0.24,0.07,0.17,0.17,2.45,0.62,0.03,0.75,0.27,0.55,3.49,0.88,0.14,0.25,0.81,0.45,0.73,6.6,1.67,0.17,0.75
2023-2024,Matouri_Al_Riyasa,Matouri,0.77,0.39,0.61,5.61,1.42,0.16,0.79,0.39,0.61,5.89,1.49,0.16,0.09,0.05,0.31,0.29,0.07,0.07,0.86,0.69,0.95,10.21,2.58,0.24,0.07,0.14,0.14,2.26,0.57,0.02,0.76,0.27,0.5,3.82,0.97,0.15,0.25,0.81,0.5,0.73,7.41,1.87,0.17,0.75
2023-2024,El_Zafir,Elhafair,0.76,0.35,0.65,5,1.26,0.16,0.78,0.31,0.69,4.72,1.19,0.16,0.04,0.03,0.28,0.29,0.07,0.09,0.86,0.72,0.97,10.59,2.68,0.27,0.08,0.16,0.16,2.31,0.58,0.03,0.74,0.24,0.56,3.25,0.82,0.15,0.25,0.81,0.44,0.76,6.6,1.67,0.18,0.75
2023-2024,Elhafair_Al_Riyasa,Elhafair,0.76,0.22,0.78,3.31,0.84,0.17,0.76,0.21,0.79,3.08,0.78,0.16,0.59,0.07,0.64,0.84,0.21,0.12,0.87,0.36,0.93,6.26,1.58,0.22,0.06,0.07,0.07,1.27,0.32,0.03,0.73,0.18,0.74,2.54,0.64,0.15,0.25,0.8,0.26,0.82,3.92,0.99,0.18,0.75
2023-2024,Um_Suneita,Matouri,0.72,0.24,0.76,3.46,0.88,0.16,0.76,0.23,0.77,3.24,0.82,0.16,0.19,0.04,0.43,0.41,0.1,0.09,0.84,0.57,0.96,8.31,2.1,0.2,0.12,0.11,0.11,1.77,0.45,0.02,0.72,0.18,0.7,2.29,0.58,0.14,0.25,0.79,0.3,0.82,4.49,1.14,0.17,0.75
2023-2024,Disheinat,Matouri,0.77,0.33,0.67,4.56,1.15,0.16,0.78,0.3,0.7,4.22,1.07,0.16,0.18,0.05,0.1,0.39,0.1,0.08,0.87,0.9,0.95,12.18,3.08,0.24,0.06,0.15,0.15,2.18,0.55,0.03,0.75,0.24,0.64,3.12,0.79,0.14,0.25,0.8,0.36,0.76,5.38,1.36,0.17,0.75
2023-2024,Um_Gargor,Elshawal,0.79,0.36,0.64,5.04,1.27,0.16,0.8,0.36,0.64,5.1,1.29,0.16,0.39,0.07,0.29,0.67,0.17,0.07,0.89,0.71,0.93,10.47,2.65,0.25,0.05,0.09,0.09,1.3,0.33,0.02,0.77,0.31,0.6,4.24,1.07,0.15,0.25,0.82,0.4,0.69,5.86,1.48,0.17,0.75
2023-2024,Al_Gamosi,Gabouga,0.75,0.28,0.72,3.76,0.95,0.15,0.76,0.27,0.73,3.66,0.93,0.15,0,0.07,0.39,0.13,0.03,0.01,0.85,0.61,0.93,7.85,1.98,0.23,0.07,0.07,0.07,1.24,0.31,0.02,0.73,0.24,0.68,2.85,0.72,0.14,0.25,0.79,0.32,0.76,4.65,1.17,0.17,0.75
2023-2024,Gabouga,Gabouga,0.76,0.3,0.7,3.96,1,0.15,0.78,0.3,0.7,4.03,1.02,0.15,0.08,0.05,0.53,0.35,0.09,0.07,0.86,0.47,0.95,6.59,1.66,0.23,0.08,0.07,0.07,1.22,0.31,0.02,0.74,0.26,0.65,3.2,0.81,0.14,0.25,0.81,0.35,0.74,4.9,1.24,0.16,0.75
2023-2024,Elshawal_Al_Riyasa,Elshawal,0.79,0.31,0.69,4.3,1.09,0.16,0.8,0.31,0.69,4.37,1.1,0.16,0.46,0.07,0.51,0.74,0.19,0.09,0.88,0.49,0.93,8.33,2.11,0.23,0.05,0.07,0.07,1.22,0.31,0.02,0.77,0.27,0.64,3.49,0.88,0.14,0.25,0.81,0.36,0.73,5.22,1.32,0.17,0.75
2023-2024,El_waha,Elshawal,0.79,0.31,0.69,4.25,1.07,0.16,0.8,0.32,0.68,4.26,1.08,0.16,0.27,0.04,0.35,0.38,0.1,0.09,0.87,0.65,0.96,8.41,2.13,0.23,0.05,0.08,0.08,1.28,0.32,0.02,0.78,0.27,0.64,3.42,0.87,0.14,0.25,0.82,0.36,0.73,5.15,1.3,0.17,0.75
2023-2024,Ranjouk,Gabouga,0.79,0.36,0.64,4.85,1.23,0.16,0.79,0.32,0.68,4.72,1.19,0.16,0.59,0.16,0.21,1.3,0.33,0.09,0.86,0.79,0.84,10.21,2.58,0.22,0.04,0.14,0.14,1.9,0.48,0.02,0.76,0.27,0.59,3.51,0.89,0.14,0.25,0.82,0.41,0.73,5.71,1.44,0.17,0.75
